Date,Open,High,Low,Close,Volume
20150101,1184,1188.2,1183.5,1185.9,5976
20150102,1186.4,1194.9,1167.3,1189.8,91853
20150104,1187.8,1198,1177.8,1196.4,25516
20150105,1196.5,1208.2,1186.5,1206,121992
20150106,1206.1,1223.3,1205.4,1213.7,153658
20150107,1213.6,1218.5,1204.9,1209.9,107950
20150108,1209.8,1216.8,1204.2,1212.2,90987
20150109,1212.3,1224,1207,1223.4,105436
20150111,1223,1230.5,1222.3,1229.2,19659
20150112,1229.3,1242,1217.5,1235.9,116795
20150113,1235.9,1244.5,1224.9,1227.8,144885
20150114,1227.7,1244.6,1225.4,1229.5,153308
20150115,1229.5,1267.2,1226.1,1257.6,259359
20150116,1257.6,1282.3,1255.2,1280.3,149622
20150118,1280.7,1282,1275.2,1277.4,15271
20150119,1277.4,1279.3,1272.1,1277.1,55278
20150120,1277.2,1303,1275.8,1300.5,169453
20150121,1300.3,1307,1284.6,1291.8,169046
20150122,1291.7,1307.8,1279.1,1295.1,177892
20150123,1295,1299.8,1284.3,1294.1,95067
20150125,1292.8,1299.2,1289.7,1292.3,18523
20150126,1292.2,1293.9,1272,1278.5,117072
20150127,1278.5,1297.4,1277.3,1291.2,104492
20150128,1291.1,1292.7,1277.6,1282.5,70718
20150129,1282.3,1282.6,1251,1261.3,36137
20150130,1261.3,1285.4,1258.1,1283.7,131426
20150201,1282.6,1283.9,1279.1,1280.6,13473
20150202,1280.8,1282.8,1266.5,1276.2,107321
20150203,1276.3,1286.5,1255.8,1263.1,170642
20150204,1263.2,1274.6,1259.5,1272.4,116052
20150205,1272.4,1273.9,1256.1,1268.8,97887
20150206,1268.8,1268.9,1228.2,1233.3,175071
20150208,1235.9,1239.5,1234.4,1238.3,14631
20150209,1238.3,1245.5,1236,1244.7,78047
20150210,1244.7,1245.9,1230.6,1238.5,87794
20150211,1238.5,1238.7,1216.5,1222.1,112700
20150212,1221.9,1232.8,1219.2,1229.5,96402
20150213,1229.5,1234.9,1223,1227.9,75692
20150215,1227.5,1233.6,1227,1231.8,9258
20150216,1231.7,1236.7,1225.8,1228,38246
20150217,1228.1,1228.4,1203.3,1209.1,127464
20150218,1209.1,1217.4,1197.2,1216.3,109281
20150219,1216.2,1222.9,1205.2,1207.7,97591
20150220,1208,1215.3,1197.7,1203.4,91063
20150222,1203.5,1204.7,1200.6,1203.2,8490
20150223,1203.2,1210.3,1190.6,1200.9,101556
20150224,1200.8,1210.1,1190,1209.4,119867
20150225,1209.2,1211.7,1200.9,1210,81116
20150226,1210.1,1219.9,1206.5,1209.9,112847
20150227,1209.9,1219.2,1204.1,1213.7,90869
20150301,1213.8,1223,1212.3,1221.7,22363
20150302,1221.8,1223,1194.6,1209.6,128557
20150303,1209.7,1214.4,1201.1,1207.7,110389
20150304,1207.8,1208.1,1197.7,1203.5,91935
20150305,1203.6,1208.9,1195.8,1198.2,101083
20150306,1198.2,1198.7,1162.9,1168.2,177911
20150308,1169.6,1171.1,1166.3,1170,16376
20150309,1170,1174.4,1158.7,1160.2,97703
20150310,1160.2,1169.6,1153.8,1160.7,127285
20150311,1160.7,1163.8,1146.5,1152.2,124294
20150312,1152.3,1165.7,1147.5,1158.5,129170
20150313,1158.5,1160.8,1150.4,1158.4,85049
20150315,1157.9,1159.4,1152.7,1159.4,11677
20150316,1159.4,1163.3,1149.3,1154.1,90189
20150317,1154,1159.3,1141.6,1149.5,136873
20150318,1149.3,1177,1144.9,1169.7,165400
20150319,1169.8,1173.1,1158.6,1170,129166
20150320,1170.1,1187.4,1167.9,1181.7,123126
20150322,1183.2,1186.6,1180.4,1182.3,15798
20150323,1182.2,1191,1178.6,1185.8,104511
20150324,1185.8,1194.5,1185.3,1188.5,115674
20150325,1188.5,1199.8,1186.1,1198.9,101061
20150326,1199,1219.5,1197.9,1201.9,142173
20150327,1201.8,1205.6,1191.7,1198.3,74974
20150329,1198,1198.5,1191.3,1193.1,1411
20150330,1193,1193.9,1179.6,1181.7,11017
20150331,1182,1190.1,1178.2,1187.1,12146
20150401,1187.1,1208.7,1180.5,1203.3,135836
20150402,1203.3,1207.4,1194.8,1202.5,94270
20150403,1200.9,1200.9,1200.9,1200.9,1
20150405,1212.6,1218.8,1212.6,1217.1,17941
20150406,1217.2,1224.5,1211,1213.5,90886
20150407,1213.4,1214.8,1207.5,1210.7,75066
20150408,1210.7,1212.5,1196.1,1196.6,115753
20150409,1196.6,1202.6,1192.4,1196.6,97869
20150410,1196.7,1210.6,1193.7,1207.8,104659
20150412,1207.2,1209.3,1203.5,1203.8,13045
20150413,1203.7,1206.8,1196.1,1198.3,97304
20150414,1198.4,1198.9,1183.5,1192.7,152901
20150415,1192.8,1207.4,1188.3,1202.3,132292
20150416,1202.1,1208.8,1194.3,1198.4,128889
20150417,1198.4,1207.8,1198,1203.3,95100
20150419,1204.4,1206.3,1202.4,1202.7,12553
20150420,1202.6,1209,1190.8,1196.4,118995
20150421,1196.4,1203.7,1192.5,1199.7,93941
20150422,1199.6,1204.4,1183.6,1188.8,149065
20150423,1188.8,1197.4,1184.6,1190.6,101010
20150424,1190.5,1195.4,1174.1,1179.9,137447
20150426,1179.3,1182.7,1177.6,1181.8,14024
20150427,1181.9,1206.7,1178.9,1199.5,178759
20150428,1199.5,1214.9,1198.8,1209.6,138188
20150429,1209.7,1213.5,1200.3,1202.6,132212
20150430,1202.6,1207.4,1176,1182.1,188479
20150501,1182.1,1182.8,1168.4,1177.4,97105
20150503,1176.6,1183.7,1176.6,1182.7,12569
20150504,1182.8,1192.1,1179.5,1185.8,90058
20150505,1185.7,1199.3,1185.4,1195,100659
20150506,1195,1196.9,1185.9,1186.9,95884
20150507,1186.9,1188.2,1177.9,1183.3,99875
20150508,1183.4,1193,1180.5,1187.3,103794
20150510,1189,1189.6,1187.1,1187.3,6214
20150511,1187.3,1190.9,1178,1182.7,92209
20150512,1182.7,1196.3,1179.7,1192.4,111239
20150513,1192.6,1218.5,1191.1,1213.4,202887
20150514,1213.3,1227.7,1212.2,1219.1,149102
20150515,1219.2,1225.8,1210.6,1223,112888
20150517,1222.8,1225.1,1221.2,1224,9654
20150518,1224.1,1232,1220,1221.4,104542
20150519,1221.5,1224,1205.1,1207.8,151808
20150520,1207.8,1213.2,1202.7,1211.5,100351
20150521,1211.5,1212.3,1200.8,1207.4,91086
20150522,1207.4,1214.6,1201,1205.4,97710
20150524,1205.2,1205.2,1202.3,1203.2,6261
20150525,1203.3,1208.2,1202.6,1204.6,23989
20150526,1204.5,1205,1184.8,1187.8,148914
20150527,1187.7,1190.4,1183,1187.5,69484
20150528,1187.6,1192,1179.6,1189.5,18160
20150529,1188.9,1193.3,1185.7,1190.3,897
20150531,1189.8,1197.7,1189.5,1191.9,11976
20150601,1191.8,1204.7,1184,1188.4,158404
20150602,1188.5,1196.4,1185.8,1193.1,103127
20150603,1193.1,1194.4,1179.1,1184.4,118908
20150604,1184.3,1185.8,1172.4,1177.5,137697
20150605,1177.5,1177.8,1162.1,1171.8,125266
20150607,1170.8,1177.1,1168.5,1171.3,21495
20150608,1171.4,1177.1,1168.5,1177.1,87190
20150609,1176.9,1182.3,1174.3,1179.7,88318
20150610,1179.6,1191.8,1179.1,1186.1,106955
20150611,1186,1186.5,1174.8,1182.4,98807
20150612,1182.5,1183.7,1175.6,1180.8,68842
20150614,1180,1185.9,1179.6,1180.2,10650
20150615,1180.1,1190.2,1171.9,1185.8,119448
20150616,1185.8,1187.4,1175.4,1179.7,90789
20150617,1179.8,1188.8,1173.9,1186.8,99856
20150618,1186.8,1205.7,1186.4,1199.5,168620
20150619,1199.5,1204,1198,1199.8,67052
20150621,1199.7,1200.8,1196.1,1198.7,9645
20150622,1198.8,1198.8,1181.6,1185.1,116873
20150623,1185.2,1186.7,1175.2,1177.1,104160
20150624,1177,1179.7,1168.1,1177.1,105334
20150625,1177.1,1177.3,1170.5,1173.7,72801
20150626,1173.8,1178,1167.1,1173.7,89806
20150628,1182.5,1187.6,1179,1182.1,29978
20150629,1182.1,1184.5,1173.2,1176.3,111542
20150630,1176.3,1178.4,1165.6,1173.6,131869
20150701,1173.6,1174,1166.2,1167.2,85466
20150702,1167.2,1169.2,1155.8,1166.2,117551
20150703,1166.2,1169.3,1165,1167.8,27873
20150705,1163.5,1174.4,1163.5,1166.6,17317
20150706,1166.6,1173.7,1161.9,1166.5,84059
20150707,1166.6,1168.5,1146.8,1153,188776
20150708,1153,1163.8,1145.9,1156.6,144413
20150709,1156.5,1166.9,1156.4,1160.5,109077
20150710,1160.5,1164.5,1157.1,1162.3,78808
20150712,1162.3,1163.9,1158.1,1159,13387
20150713,1158.9,1160.6,1149.8,1154.1,93544
20150714,1154.2,1159.1,1151.8,1154.5,58888
20150715,1154.5,1154.8,1141.9,1146.1,124740
20150716,1146,1146.7,1140.6,1143.3,88376
20150717,1143.3,1144.5,1129.6,1132.3,121464
20150719,1132.4,1132.5,1080,1106.7,61805
20150720,1106.7,1117.9,1093.3,1102.9,183090
20150721,1102.8,1108.8,1091.4,1092.7,139059
20150722,1092.7,1098.5,1085.6,1097.9,141812
20150723,1098,1104.9,1072.3,1082.3,155428
20150724,1082.3,1100.9,1076.4,1098.5,156515
20150726,1098.6,1100.3,1093.6,1097,17426
20150727,1097,1104.4,1087.7,1094.6,140772
20150728,1094.5,1098.2,1090.7,1096,85983
20150729,1096,1100.9,1088.9,1091.7,90681
20150730,1091.4,1094.7,1081,1083.4,31228
20150731,1083.5,1103,1079.2,1095,147588
20150802,1095.1,1098,1091.3,1094.8,14960
20150803,1094.7,1097.2,1080.2,1083.6,102235
20150804,1083.6,1094.4,1082.9,1085.8,102809
20150805,1085.8,1091.7,1082,1083.5,100539
20150806,1083.5,1093.3,1083,1088,89366
20150807,1088.1,1098.9,1081.4,1093.3,151809
20150809,1094,1095.7,1089,1095.4,12302
20150810,1095.5,1108.5,1093,1099.8,176851
20150811,1099.7,1119.1,1097.1,1109.9,165555
20150812,1109.8,1126.3,1108.6,1120.3,179035
20150813,1120.3,1122.7,1111.6,1112.6,107224
20150814,1112.7,1120.4,1111.1,1113.2,84742
20150816,1113.5,1116.7,1112.9,1116.1,11017
20150817,1116,1122.2,1115.3,1117.7,86568
20150818,1117.6,1120.4,1108.5,1116.8,113670
20150819,1116.8,1138.9,1116.6,1137.9,151406
20150820,1137.9,1167.9,1135.4,1163.7,186208
20150821,1163.7,1165.3,1148.5,1159.9,151319
20150823,1160.2,1165,1155.1,1158.6,36809
20150824,1158.7,1169.8,1145.1,1153.7,213594
20150825,1153.7,1154.2,1132.4,1133.9,180159
20150826,1134,1139.2,1116.9,1127,171908
20150827,1127,1131.7,1117,1130.3,136540
20150828,1130.2,1140.3,1123.1,1133.3,116921
20150830,1132.7,1134.7,1128.6,1133.2,13846
20150831,1133.1,1142.3,1125,1141.8,93547
20150901,1141.9,1147.3,1134.9,1137.5,113287
20150902,1137.4,1141.6,1130.6,1131.7,88221
20150903,1131.8,1133.8,1121,1124.2,100354
20150904,1124.1,1133.1,1115.7,1122.3,98556
20150906,1123,1124.1,1117,1121.6,10391
20150907,1121.7,1123.5,1114.7,1120.3,36190
20150908,1120.2,1126,1117.7,1122.9,87060
20150909,1123,1123.4,1100.1,1105.3,149447
20150910,1105.2,1114.1,1104.4,1111.5,105086
20150911,1111.5,1111.7,1097.7,1107.9,96819
20150913,1107,1108.8,1103.8,1107.1,8170
20150914,1107.2,1109.8,1102.6,1107,66442
20150915,1107,1108.3,1101.5,1103.4,68868
20150916,1103.5,1123.7,1103.4,1119.3,126323
20150917,1119.3,1136,1114.7,1128.6,128540
20150918,1128.6,1141.5,1127,1139.1,122758
20150920,1138.7,1139.3,1135.4,1137.2,7883
20150921,1137.1,1139.4,1128.7,1132.6,75359
20150922,1132.6,1136.1,1120.5,1123.2,107899
20150923,1123.1,1135.5,1122.6,1133.6,86792
20150924,1133.5,1156.4,1133.3,1146.4,193117
20150925,1146.6,1148.3,1140.1,1145.5,104274
20150927,1145,1147.8,1143.2,1144.9,10779
20150928,1145,1146,1127.3,1130.9,123800
20150929,1130.9,1134.3,1122.4,1125.2,99345
20150930,1125.3,1126.7,1110.9,1114.1,127787
20151001,1114.1,1118.5,1110.3,1111.7,73158
20151002,1111.6,1140.9,1103.8,1137.6,160593
20151004,1137,1139.2,1135.1,1135.5,8028
20151005,1135.4,1141.6,1129.6,1135.6,107377
20151006,1135.6,1151,1135.4,1148,116054
20151007,1148.1,1153.6,1141.1,1143.2,111895
20151008,1143.2,1150.9,1135.9,1146.7,111263
20151009,1146.7,1159.3,1144.9,1155.6,112822
20151011,1155,1158.6,1154.3,1157.4,7630
20151012,1157.3,1168.6,1152,1154.3,108701
20151013,1154.2,1174.5,1151.3,1173.5,124395
20151014,1173.6,1189.9,1162.5,1184.2,167641
20151015,1184.2,1191.7,1174,1177.9,167220
20151016,1177.9,1184.8,1174.3,1177.3,90708
20151018,1176.9,1178,1170.8,1172,18441
20151019,1171.9,1178.2,1167.2,1168.5,92001
20151020,1168.6,1181.4,1168.2,1177.4,115864
20151021,1177.3,1178,1163.2,1166,112114
20151022,1166,1171.8,1161.4,1168.3,109110
20151023,1168.2,1179.4,1158.6,1164,133336
20151025,1163.8,1165.3,1162,1165.2,9040
20151026,1165.1,1169.6,1162.2,1164.9,72265
20151027,1164.8,1168.9,1160.5,1167.8,82704
20151028,1167.8,1183.1,1152.1,1160,179867
20151029,1160,1162.5,1144.2,1147.4,137202
20151030,1147.3,1149.8,1138.4,1141.7,91650
20151101,1141.3,1142.4,1133.8,1141.7,18346
20151102,1141.6,1142.7,1132.2,1137.1,83065
20151103,1137.2,1138,1113.6,1120.9,146600
20151104,1120.9,1120.9,1105.6,1108.9,135730
20151105,1108.9,1111.3,1102.2,1108.6,102827
20151106,1108.6,1109.7,1084.5,1088.9,146959
20151108,1089.1,1093,1088.3,1092.5,19531
20151109,1092.5,1094.9,1087.4,1091.7,108707
20151110,1091.8,1094.8,1084,1091.5,114481
20151111,1091.5,1093.5,1083.2,1087.8,89111
20151112,1087.8,1089,1073,1081.5,155276
20151113,1081.5,1088,1078.9,1083.4,98130
20151115,1087.9,1094.6,1085.2,1094.6,28399
20151116,1094.6,1097.4,1075.6,1077.6,122806
20151117,1077.5,1083.1,1062,1067.7,154752
20151118,1067.8,1078.7,1064.8,1076.1,123865
20151119,1076.1,1086.6,1068.3,1085.1,139954
20151120,1085.1,1087.2,1074.9,1076.7,89354
20151122,1076.4,1076.5,1066.5,1069.1,24227
20151123,1069,1074.4,1065,1070.5,97264
20151124,1070.5,1080.7,1070.1,1078.5,109223
20151125,1078.4,1079.7,1067.1,1071.8,74802
20151126,1072.3,1073.5,1065.7,1067.2,9801
20151127,1067.2,1068.3,1051.1,1055.9,11155
20151129,1056.5,1057.8,1052.1,1055.5,738
20151130,1054.8,1074,1053.2,1071.4,29530
20151201,1071.3,1072.4,1063,1067,87042
20151202,1067.1,1068.3,1045.4,1052.6,126146
20151203,1052.6,1064.5,1047.7,1061.6,149878
20151204,1061.6,1088.3,1057.2,1085.8,179349
20151206,1082.3,1086.1,1082.3,1084.6,15499
20151207,1084.6,1085.4,1065,1071.3,106407
20151208,1071.4,1078.4,1066.8,1076.4,106684
20151209,1076.3,1085,1068.7,1073.3,134357
20151210,1073.3,1074.9,1065.2,1068.1,95896
20151211,1068.2,1079.1,1061.7,1073.7,122739
20151213,1073,1077.3,1070.6,1075,16040
20151214,1074.9,1075.1,1058.1,1062.8,111725
20151215,1062.8,1067.9,1057.4,1064.5,101927
20151216,1064.6,1077.9,1061,1065.8,134371
20151217,1065.7,1068.5,1046.8,1054.7,139289
20151218,1054.7,1071,1053,1065.6,90991
20151220,1065.2,1070.2,1063.1,1068.8,11170
20151221,1068.9,1081.4,1066.3,1077.8,106881
20151222,1077.8,1080.3,1071.2,1074.4,68757
20151223,1074.4,1074.9,1067.6,1073.2,62933
20151224,1073.2,1076.6,1070.7,1075.8,31129
20151227,1075.2,1076.5,1071,1072.7,8902
20151228,1072.7,1073.7,1065.7,1072.5,64233
20151229,1072.5,1074.4,1066.7,1069.7,62380
20151230,1069.7,1071.5,1058.5,1061.2,80756
20151231,1061.2,1062.7,1056.5,1060.5,40411
20160103,1061.5,1068.2,1061,1067.9,19407
20160104,1067.9,1083,1067.1,1077.7,138041
20160105,1077.7,1081.5,1074.4,1078.7,99003
20160106,1078.7,1102.5,1078.3,1098.6,184573
20160107,1098.6,1113.1,1092.2,1103.2,179696
20160108,1103.2,1105.5,1091.8,1104.1,138265
20160110,1103.6,1108.3,1102.2,1104.8,20407
20160111,1104.8,1107.6,1092.5,1095.5,134482
20160112,1095.5,1099.1,1082.5,1084.9,134790
20160113,1084.9,1095.6,1079.4,1091.5,124222
20160114,1091.5,1093.1,1071.1,1080.3,142936
20160115,1080.3,1097.5,1079.9,1088.6,136159
20160117,1089.3,1093.3,1089,1090.1,10906
20160118,1090.1,1092,1085.2,1088.5,41439
20160119,1088.5,1094.5,1082.1,1091.1,100485
20160120,1091.2,1109.9,1091.1,1103.5,160465
20160121,1103.5,1104.8,1092.5,1099,133025
20160122,1098.9,1103.5,1094.4,1098.2,83516
20160124,1097.8,1102.6,1097.6,1101.1,10439
20160125,1101.1,1114.1,1100,1112.7,104917
20160126,1112.6,1123.2,1109.7,1120.7,123645
20160127,1120.7,1128,1114.9,1119.8,79687
20160128,1119.7,1122.2,1108.8,1114.3,16435
20160129,1114.6,1118.6,1111.1,1118,3392
20160131,1118,1122.5,1115.3,1122.3,17575
20160201,1122.2,1131,1119.1,1125.8,105323
20160202,1125.9,1131.5,1122.6,1128.5,101660
20160203,1128.6,1146.2,1124.8,1143.5,179244
20160204,1143.6,1157.9,1141.1,1155.3,155780
20160205,1155.3,1175,1145.5,1174.1,186718
20160207,1174,1174,1164.7,1166.2,16583
20160208,1166.1,1201.4,1164.5,1191.8,225384
20160209,1191.8,1199.3,1185.9,1191.8,167192
20160210,1191.5,1215.3,1181.6,1206.7,174139
20160211,1206.7,1263.9,1206.2,1239.3,330441
20160212,1239.3,1246.6,1232.9,1238.5,143584
20160214,1236.3,1236.3,1215,1219.8,42464
20160215,1219.8,1220.9,1191.5,1197.9,121766
20160216,1197.9,1217.6,1195.3,1206.8,169167
20160217,1206.8,1214.4,1200.8,1209.9,139448
20160218,1209.9,1240.6,1201.3,1226.7,170439
20160219,1226.6,1235.3,1220.6,1226.6,143525
20160221,1226.9,1226.9,1215.3,1217,26907
20160222,1216.9,1223.4,1202.5,1216.6,160500
20160223,1216.6,1233.4,1215.1,1228.1,159175
20160224,1228.1,1254.3,1221.8,1234.5,183679
20160225,1234.7,1244.4,1226.2,1240,176556
20160226,1240.1,1240.2,1212,1222.8,183767
20160228,1223.1,1229,1216.3,1229,25807
20160229,1228.9,1249.3,1225.7,1245.2,172554
20160301,1245.1,1248.8,1225.1,1227.4,187889
20160302,1227.6,1244.8,1226.1,1239.8,152957
20160303,1239.7,1269.3,1239.2,1261.9,206521
20160304,1261.9,1280.7,1250.1,1260.1,294292
20160306,1260.5,1269.4,1257.4,1261.4,32742
20160307,1261.4,1274.1,1260.2,1270.8,160382
20160308,1270.8,1279,1252.3,1256.4,180635
20160309,1256.4,1261.2,1243.6,1248.4,172538
20160310,1248.4,1287.8,1237.5,1275.8,291422
20160311,1275.7,1276.3,1249,1251.1,151260
20160313,1250.9,1257.5,1248.7,1255.6,20888
20160314,1255.7,1261.9,1226,1230.2,183793
20160315,1230.1,1238.7,1227.7,1232.9,131195
20160316,1232.9,1264.8,1227,1257.3,191677
20160317,1257.2,1271.9,1256.4,1263.7,181290
20160318,1263.6,1266.4,1248.4,1256,110358
20160320,1255.2,1256.7,1251.5,1252.1,16238
20160321,1252.1,1253,1241.2,1244.7,107243
20160322,1244.8,1260.9,1232.1,1235.1,151814
20160323,1235,1237.2,1215.4,1220.1,165567
20160324,1219,1224.2,1211.2,1216.7,91541
20160327,1216,1216.1,1206,1213.4,19286
20160328,1213.3,1223.2,1212.7,1219,66132
20160329,1218.9,1243.4,1215.3,1236.3,86851
20160330,1236.2,1245,1223.4,1229.9,13880
20160331,1229.7,1239.6,1226.7,1232.7,16920
20160401,1232.8,1237.2,1210.3,1223.6,164022
20160403,1223,1224,1217.6,1219,14592
20160404,1219.1,1228.4,1215.7,1227,95563
20160405,1227,1238.8,1225.7,1230.9,135059
20160406,1230.8,1231.5,1217.2,1231,137139
20160407,1231,1245,1227.2,1237.5,167887
20160408,1237.5,1244.6,1231,1240.1,108809
20160410,1241.8,1254.6,1241.6,1252.9,28940
20160411,1252.9,1261.9,1247.9,1255.7,133885
20160412,1255.6,1264.7,1253,1253.9,136370
20160413,1253.9,1254.2,1230.7,1234.7,165090
20160414,1234.7,1245.9,1225.4,1230.1,181066
20160415,1230.1,1237.6,1227.8,1235.8,96742
20160417,1236.3,1241.3,1235.1,1236.8,22933
20160418,1236.9,1243.3,1229,1234.8,141227
20160419,1234.7,1259.8,1233.3,1252.5,200895
20160420,1252.4,1258.1,1244,1249.3,140323
20160421,1249.3,1272.4,1245.4,1248.9,259451
20160422,1248.9,1252.4,1228.5,1233.7,170334
20160424,1234.5,1235.9,1231.3,1235.1,14746
20160425,1235.1,1243.8,1232.1,1238,110067
20160426,1237.9,1248.4,1232.7,1245.6,134793
20160427,1245.6,1254.6,1239.1,1251.7,179324
20160428,1251.7,1283,1250.2,1277.4,215144
20160429,1277.4,1299,1273.2,1294.9,188921
20160501,1293.2,1298.5,1292.5,1295,18534
20160502,1295,1306,1289.6,1294.6,173965
20160503,1294.6,1303.9,1280.6,1282.7,184058
20160504,1282.6,1291.8,1273.6,1282.7,185001
20160505,1282.6,1288.4,1270.6,1280.1,162541
20160506,1280.2,1297.7,1277.4,1289.7,202252
20160508,1287.2,1289.5,1285.6,1286.7,22705
20160509,1286.7,1286.9,1261,1265.6,184777
20160510,1265.5,1273.2,1258.3,1272,142225
20160511,1272,1280.8,1271.3,1273,148875
20160512,1272.9,1282.5,1262.9,1272.6,170734
20160513,1272.6,1277.7,1264,1274.3,133038
20160515,1273,1281,1272.2,1279.1,25980
20160516,1279.2,1290.4,1271.6,1280.1,167384
20160517,1280.2,1283.9,1270.1,1277.1,168446
20160518,1277.2,1277.4,1255.9,1258.8,213646
20160519,1258.7,1260.2,1244.6,1255.2,191884
20160520,1255.2,1261.2,1249.6,1252.9,107195
20160522,1251.7,1256.8,1248.7,1255.4,16037
20160523,1255.5,1255.5,1243.5,1246.2,125642
20160524,1246.3,1246.8,1223.4,1227.6,191420
20160525,1227.5,1234.6,1217.7,1229.5,159398
20160526,1229.5,1232.2,1211.2,1217,101839
20160527,1217.1,1223.2,1206.4,1212.4,22790
20160529,1206,1206.5,1199.4,1202.6,563
20160530,1202.3,1213.6,1199,1212.3,1225
20160531,1212.9,1222.4,1208.1,1216.7,21843
20160601,1216.7,1222.9,1208.2,1218.1,137447
20160602,1218,1220,1209.1,1214.4,103762
20160603,1214.3,1247.4,1212.7,1246.5,204018
20160605,1245.5,1251.3,1243.3,1244.6,34331
20160606,1244.5,1250,1242.1,1246.2,133829
20160607,1246.2,1251.9,1236.9,1251.1,117688
20160608,1251.1,1269,1250.1,1264.8,158935
20160609,1264.8,1274.4,1259.4,1269.3,138282
20160610,1269.4,1280.9,1267.3,1276.3,126470
20160612,1278.3,1281.2,1275.2,1277.8,35705
20160613,1277.7,1290.3,1276.6,1282.5,174864
20160614,1282.4,1293,1278.6,1288.1,175942
20160615,1288.3,1306.3,1281.3,1305.8,192534
20160616,1305.9,1318.9,1278.8,1286.3,310620
20160617,1286.4,1302.7,1282.1,1301.6,153528
20160619,1293,1296.8,1283.3,1284.6,46085
20160620,1284.6,1297.4,1280.8,1289.2,160293
20160621,1289.3,1289.4,1267.1,1271.3,174441
20160622,1271.2,1272.2,1261.5,1265.4,120786
20160623,1265.4,1362.6,1252.8,1342,347820
20160624,1342.4,1342.6,1311,1319.1,280885
20160626,1322.3,1340,1322.2,1330.5,57804
20160627,1330.5,1337.6,1316,1318.3,202231
20160628,1318.2,1324.1,1308.2,1321.8,166224
20160629,1321.9,1331,1316.6,1317.7,157046
20160630,1317.8,1334.1,1315.3,1333.1,179836
20160701,1333.2,1347,1332.4,1344.9,158025
20160703,1345,1360.3,1338.5,1349,70195
20160704,1349.1,1356.4,1340.2,1345.6,111362
20160705,1345.7,1373.7,1343.6,1370.5,178882
20160706,1370.4,1377.5,1361,1369.5,192137
20160707,1369.4,1371,1352,1359.5,189328
20160708,1359.6,1371.8,1336.3,1367.4,239940
20160710,1368.9,1376.5,1364.5,1366.8,38436
20160711,1366.7,1368.3,1351.8,1355.2,158325
20160712,1355.2,1358.6,1328.1,1338.1,238921
20160713,1338.2,1348,1337,1338,162984
20160714,1337.9,1339,1320.4,1330.1,218835
20160715,1330.2,1339.5,1322.6,1337.7,137826
20160717,1333.4,1335,1324.1,1328,34267
20160718,1328,1336,1323.5,1330.5,120214
20160719,1330.5,1338.8,1327,1332,132644
20160720,1332,1332.3,1310.7,1315,177179
20160721,1315.1,1334,1314.6,1327.6,191622
20160722,1327.6,1328.2,1319.4,1322.1,125611
20160724,1322.7,1323.4,1313.1,1317.4,29662
20160725,1317.4,1322.6,1311.1,1319.3,126703
20160726,1319.4,1324.4,1314.6,1319.7,107609
20160727,1319.7,1342.3,1317.3,1338.3,112682
20160728,1338.5,1344.3,1325.8,1337.4,11755
20160729,1334,1353.3,1328.2,1349.7,2305
20160731,1357.2,1358.8,1353.3,1357.4,22709
20160801,1357.3,1361.9,1353.2,1356.1,101413
20160802,1356,1374.2,1355.5,1370.6,150958
20160803,1370.6,1373.4,1355.9,1357.9,124764
20160804,1357.8,1371.4,1355.1,1368.6,134591
20160805,1368.6,1371,1340.4,1341.4,180720
20160807,1341.2,1343.9,1337,1343.6,31279
20160808,1343.7,1343.9,1335.3,1339.4,98591
20160809,1339.4,1359.5,1336,1358.7,131610
20160810,1358.7,1363.6,1347.1,1348.3,164794
20160811,1348.3,1359.4,1340.4,1343.7,147309
20160812,1343.7,1362.5,1339.6,1341.7,144493
20160814,1343.6,1345.3,1341.6,1343.7,19898
20160815,1343.7,1352.5,1340.9,1350.6,116005
20160816,1350.5,1364.3,1346.3,1348.2,196074
20160817,1348,1361.5,1340.5,1357.6,173930
20160818,1357.6,1359.3,1350.4,1351.8,149625
20160819,1351.8,1355.8,1342,1345.8,150414
20160821,1345,1345.7,1335.4,1338.3,45966
20160822,1338.3,1344.2,1336.1,1342.4,122742
20160823,1342.3,1348.8,1340,1340.4,111216
20160824,1340.4,1344.1,1326.3,1329.6,187289
20160825,1329.7,1330.2,1321,1327.2,121645
20160826,1327.2,1345.9,1321.2,1324,251332
20160828,1323.8,1324.5,1317.2,1320.1,26570
20160829,1320.1,1328.9,1319.7,1326.8,129333
20160830,1326.9,1326.9,1312,1318.2,147448
20160831,1318.3,1318.7,1306.9,1312.6,153127
20160901,1312.6,1319.8,1305.5,1316.9,156378
20160902,1316.8,1334,1307.4,1328.8,199697
20160904,1328.1,1328.8,1325.5,1328.4,14025
20160905,1328.3,1332.4,1328,1330.1,50645
20160906,1330.2,1357.6,1329.5,1356.8,211113
20160907,1356.8,1356.9,1345.8,1350.9,130202
20160908,1350.9,1353.9,1339.1,1342.6,164493
20160909,1342.6,1343.2,1331.2,1331.8,133761
20160911,1332,1333.6,1328.4,1331.9,24585
20160912,1331.8,1335.9,1323.3,1333.7,169316
20160913,1333.6,1334.8,1316.6,1323.5,171402
20160914,1323.5,1329.8,1322.8,1325.2,111336
20160915,1325.2,1332.5,1312.1,1317.1,177176
20160916,1317.1,1319.6,1309.2,1313.2,118491
20160918,1313.2,1320.2,1312.6,1318.7,24762
20160919,1318.8,1321.8,1315,1319.6,93139
20160920,1319.5,1323.6,1310.9,1314.7,102160
20160921,1314.6,1341.3,1313.6,1337.3,224096
20160922,1337.4,1347.8,1335.1,1338.3,148469
20160923,1338.3,1344.5,1338,1341.1,84849
20160925,1340.8,1343.9,1336.5,1336.9,14876
20160926,1336.9,1346.1,1336.6,1339.1,119732
20160927,1339.2,1341.5,1327.7,1329,146878
20160928,1329,1330.5,1321.1,1328.4,133866
20160929,1328.3,1328.6,1318.6,1327.1,144053
20160930,1327,1331.5,1316,1318.8,170203
20161002,1321,1322.6,1316.8,1317.2,16596
20161003,1317.3,1321.4,1310.1,1313.4,122715
20161004,1313.4,1314.5,1268.6,1276.6,311718
20161005,1276.5,1279.4,1264.1,1267.4,173652
20161006,1267.4,1270.4,1251.8,1255.6,183369
20161007,1255.7,1267.6,1243.2,1258.6,232113
20161009,1258.5,1266.2,1258.5,1265.3,33915
20161010,1265.3,1266.8,1257.4,1260.1,102344
20161011,1260.1,1264,1252.3,1258,121000
20161012,1258,1263.5,1251.2,1261,128094
20161013,1261.1,1263.9,1255.1,1256.3,119511
20161014,1256.3,1260.7,1246.9,1251.7,133213
20161016,1252.9,1255.6,1251.1,1255.2,14227
20161017,1255.2,1261.9,1251.2,1258.9,104186
20161018,1259.1,1265.8,1257.2,1261.5,124387
20161019,1261.7,1274.4,1261.1,1272.7,136125
20161020,1272.8,1275.9,1262.1,1262.9,124178
20161021,1263,1268.8,1261.7,1266.7,76973
20161023,1266.9,1267.7,1263.2,1265,13863
20161024,1265,1272.8,1260.1,1266.8,132213
20161025,1266.8,1277.5,1265.9,1276,129423
20161026,1276,1276.7,1265.1,1267.9,116715
20161027,1267.9,1273.7,1266.9,1271.8,107255
20161028,1271.8,1285.4,1262,1276,202935
20161030,1278.3,1280.5,1277,1277.9,17822
20161031,1277.8,1279.6,1271.9,1277.4,103144
20161101,1277.4,1294.1,1277.3,1293.7,191972
20161102,1293.7,1309.3,1291.7,1305.9,225980
20161103,1305.9,1306,1286.2,1299.8,194847
20161104,1299.8,1308.3,1295.7,1305.2,167134
20161106,1294.5,1296.5,1288.3,1290.9,41290
20161107,1290.9,1291.4,1278.6,1283.7,149377
20161108,1283.6,1338.3,1268.1,1325.8,483906
20161109,1325.8,1326.8,1270.2,1287,420364
20161110,1286.9,1292.5,1250.4,1261.1,341087
20161111,1261.1,1264.2,1218.7,1227.4,301193
20161113,1227.7,1230.9,1212,1215.6,68342
20161114,1215.5,1231.1,1211,1223.8,273264
20161115,1223.9,1233.1,1218.6,1230.5,208679
20161116,1230.4,1231.7,1221,1226.5,156627
20161117,1226.4,1231.1,1205,1206.8,233612
20161118,1206.8,1216,1201.3,1207.3,164811
20161120,1207.3,1213.7,1205.4,1211.8,30079
20161121,1211.7,1220.9,1209,1217.8,147264
20161122,1217.8,1219.1,1205.6,1211.8,150685
20161123,1211.9,1214.4,1181.2,1185.8,263916
20161124,1185.8,1190.4,1170.3,1177.6,105515
20161125,1177.6,1192.7,1177.6,1183.4,120138
20161127,1184.4,1197.2,1182.5,1192.2,32783
20161128,1192.3,1196.8,1182.4,1190.1,88913
20161129,1190.1,1193.3,1179.4,1188.5,12183
20161130,1187.2,1188.4,1163.8,1176.6,46605
20161201,1176.5,1179.8,1162.2,1175.8,192175
20161202,1175.7,1180.3,1168.4,1179.2,138746
20161204,1182.6,1190.2,1173.5,1179.3,42044
20161205,1179.3,1179.5,1158.6,1172.7,187504
20161206,1172.6,1177.1,1167.2,1168.6,123666
20161207,1168.6,1182.3,1168.6,1178.9,135309
20161208,1178.8,1180.7,1166.6,1169.6,137536
20161209,1169.6,1173.8,1157.6,1161.4,129069
20161211,1161.4,1161.9,1156.1,1159,28877
20161212,1158.9,1167.9,1152.5,1162.7,142940
20161213,1162.7,1166,1156.3,1162.2,125394
20161214,1162.3,1168,1136.4,1142.9,224277
20161215,1143.1,1144.7,1124.3,1133.3,229893
20161216,1133.3,1143.2,1129.5,1136.8,144420
20161218,1136.1,1141.6,1135.5,1141.6,15111
20161219,1141.6,1144.4,1136.5,1137,116605
20161220,1136.9,1138.4,1127.3,1136.9,131492
20161221,1136.8,1138.8,1130.1,1130.6,96355
20161222,1130.6,1135.5,1128.6,1133,106765
20161223,1132.9,1137.3,1130.7,1135.2,55546
20161226,1135.3,1139.2,1132.8,1138.6,21536
20161227,1138.6,1151.7,1136.6,1143.4,93551
20161228,1143.4,1150.8,1137.1,1148.9,108366
20161229,1148.9,1164.3,1145.3,1162.1,149105
20161230,1162.2,1162.8,1150.3,1152,96887
20170102,1151.4,1159.4,1150.1,1158.3,27174
20170103,1158.4,1166,1146.5,1162,198671
20170104,1162,1178.2,1161.2,1175.7,181034
20170105,1175.6,1185.9,1171,1176.6,231476
20170106,1176.6,1183.8,1171.1,1172.9,159529
20170108,1172.9,1176.8,1172.2,1173.8,19626
20170109,1173.8,1187.5,1173,1186.4,170542
20170110,1186.4,1190.6,1180.9,1189,176654
20170111,1189,1198.9,1177,1198.6,292826
20170112,1198.6,1207.2,1190.9,1193.5,230110
20170113,1193.5,1201.8,1187.5,1197.3,189594
20170115,1199.4,1205.7,1198,1203.8,32330
20170116,1203.8,1212,1201,1211.5,104118
20170117,1211.5,1218.9,1209.2,1211.8,234305
20170118,1211.9,1216.3,1197.1,1202,180490
20170119,1202,1208.2,1195.4,1206.6,208390
20170120,1206.6,1214.8,1198.2,1210.2,184155
20170122,1209.3,1219.4,1209.3,1216.6,49120
20170123,1216.5,1220.1,1209,1215.8,182145
20170124,1215.7,1217.5,1202.8,1203,170699
20170125,1203,1207.4,1192.6,1198.4,215989
20170126,1198.4,1198.4,1182.5,1183,166020
20170127,1183,1191,1179.7,1191,121431
20170129,1191.7,1195,1190.5,1192.1,3684
20170130,1191.9,1201.8,1187.1,1200.4,12260
20170131,1200.6,1215,1195.4,1210.6,24112
20170201,1210.6,1219.2,1199.7,1218.3,209271
20170202,1218.3,1227.5,1212.7,1215,218669
20170203,1215,1223.2,1208.3,1221.6,167669
20170205,1221.9,1227,1220.8,1225.4,29770
20170206,1225.3,1237.5,1223.3,1236.1,176097
20170207,1236.1,1237.4,1229.2,1234.7,182234
20170208,1234.6,1246.6,1232.3,1242.5,201381
20170209,1242.4,1246.2,1223.3,1225.3,236233
20170210,1225.4,1238.9,1222.6,1234.7,187133
20170212,1234.2,1234.4,1229.2,1230.8,28078
20170213,1230.8,1233.6,1220.3,1230.8,158570
20170214,1230.8,1236,1222.7,1226.7,199509
20170215,1226.6,1238,1221.2,1236.1,164959
20170216,1236.1,1243.7,1233.4,1238.8,167422
20170217,1238.8,1245.1,1235.3,1236,130710
20170219,1236.4,1239.2,1232.4,1235.1,22745
20170220,1235.2,1240.2,1233.5,1234.6,65451
20170221,1234.7,1238.5,1226.8,1235.8,142677
20170222,1235.8,1241.9,1232.2,1237.2,176642
20170223,1237.3,1252.2,1236.4,1251.6,235853
20170224,1251.6,1261.2,1251.4,1258,179192
20170226,1258.9,1260,1255.6,1258.6,26258
20170227,1258.6,1264.9,1251.5,1254.7,192578
20170228,1254.7,1259.3,1242.5,1244.6,264173
20170301,1244.5,1251.4,1237.2,1246.7,243020
20170302,1246.7,1246.9,1230.2,1230.9,247744
20170303,1230.9,1236.7,1223,1235,221247
20170305,1233.9,1237.3,1232.8,1233.6,27858
20170306,1233.6,1235.3,1224.2,1225.7,142362
20170307,1225.7,1226.4,1214.1,1217.4,173066
20170308,1217.3,1218.2,1203.6,1205.2,194009
20170309,1205.2,1208.9,1196.2,1197.4,202911
20170310,1197.4,1206.2,1194.5,1204.5,199190
20170312,1205,1207,1203.6,1206.8,24940
20170313,1206.7,1210.9,1200.9,1202.6,140181
20170314,1202.6,1207.5,1196.9,1201.9,153546
20170315,1201.9,1225.6,1196.8,1224.5,254359
20170316,1224.6,1234,1223.1,1226,207107
20170317,1226,1231.5,1225.2,1228.9,108760
20170319,1229,1235,1228.8,1234.4,25785
20170320,1234.5,1235.5,1226.6,1228.5,127024
20170321,1228.4,1247.7,1227.5,1245,221997
20170322,1245,1251.5,1244.2,1246.9,189411
20170323,1246.9,1253.3,1242.4,1243.8,196552
20170324,1243.9,1251.9,1240.7,1243.3,143779
20170326,1245.5,1258.1,1245.5,1256.3,32882
20170327,1256.3,1261,1252.3,1254.2,157613
20170328,1254.1,1258.4,1246.9,1249,167228
20170329,1249.1,1254.4,1247.7,1249.1,96088
20170330,1249.1,1251,1241.1,1243.8,38892
20170331,1243.8,1252.8,1242.2,1251.6,127513
20170402,1251.9,1252.7,1249.6,1250.7,13952
20170403,1250.6,1259.3,1246.4,1258.3,136285
20170404,1258.4,1263.7,1255,1256.9,147774
20170405,1256.8,1260.9,1245.4,1255.4,203235
20170406,1255.4,1271.5,1251.3,1265.5,214370
20170407,1265.5,1273.3,1253.1,1256.1,269630
20170409,1255.6,1257.5,1253.3,1254.6,26371
20170410,1254.7,1258.9,1248.2,1257.9,168761
20170411,1257.8,1281.8,1257.4,1277.5,292704
20170412,1277.5,1290.1,1273.8,1288.2,238204
20170413,1288.2,1290.7,1283.8,1290.1,185936
20170416,1292.4,1297.4,1291.4,1293.8,41748
20170417,1293.9,1294.7,1283.1,1284.2,173655
20170418,1284.1,1294.4,1280.6,1288.8,257181
20170419,1288.8,1289.2,1275.4,1281.2,234280
20170420,1281.1,1285.2,1278,1281.5,231159
20170421,1281.5,1290.1,1280,1286,201103
20170423,1280,1280,1266,1276.6,73929
20170424,1276.6,1279.9,1267.9,1275.2,228769
20170425,1275.2,1275.5,1262.3,1265.1,235046
20170426,1265.1,1272.8,1260.7,1268,226689
20170427,1267.9,1269,1261.8,1267,196706
20170428,1267,1269.9,1264.9,1269.5,142555
20170430,1269.6,1272.4,1262.7,1264.7,33651
20170501,1264.7,1269.7,1254.9,1257.9,174734
20170502,1257.8,1258,1252.6,1256.7,155137
20170503,1256.7,1256.8,1236.4,1240.4,247134
20170504,1240.4,1240.5,1225.7,1233,288707
20170505,1233,1236,1226.2,1228.4,198049
20170507,1223.1,1235,1221,1231.8,36343
20170508,1231.7,1236.9,1226,1227.8,152631
20170509,1227.7,1228.3,1214.3,1222.4,230378
20170510,1222.4,1225.8,1216.9,1220,164613
20170511,1219.9,1227.7,1219.6,1226.6,177885
20170512,1226.5,1231.6,1226,1227.8,149563
20170514,1229.3,1230.9,1226.8,1230.9,19290
20170515,1230.9,1237.4,1228.4,1233.6,183432
20170516,1233.5,1245,1232.6,1243.4,202032
20170517,1243.3,1263.2,1240.9,1260,342015
20170518,1260,1265,1245.7,1248.1,324516
20170519,1248,1256.4,1247.2,1255.7,166010
20170521,1257.5,1257.7,1251.6,1252.2,29225
20170522,1252.2,1263.8,1252.2,1262.1,161272
20170523,1262.1,1263.3,1250.5,1251.8,227882
20170524,1251.8,1259.4,1247.6,1259,208273
20170525,1258.9,1259.3,1252.6,1258,145079
20170526,1258,1269.3,1257.4,1266.7,148705
20170528,1267.4,1268.8,1265,1265.9,9855
20170529,1265.8,1270,1264.6,1267.3,13954
20170530,1267.3,1268.4,1258.4,1262.6,29797
20170531,1262.5,1276.8,1262.5,1270.6,177064
20170601,1270.5,1271.5,1261.3,1263.4,175409
20170602,1263.4,1282.2,1262.1,1281.5,213787
20170604,1282.6,1284.7,1281.4,1283.1,31044
20170605,1283.2,1287.6,1280.2,1287.2,133446
20170606,1287.1,1298.8,1287,1293.8,230552
20170607,1293.8,1296.9,1285,1287.9,211323
20170608,1287.9,1291.5,1273.5,1277.3,248128
20170609,1277.2,1278,1266.7,1268.8,174792
20170611,1269.7,1272.3,1268.5,1269.8,23809
20170612,1269.9,1272.4,1264.7,1268,160610
20170613,1268,1272.1,1260.5,1270.6,168492
20170614,1270.6,1284.2,1259,1266.2,351049
20170615,1266.1,1266.1,1252.7,1254.4,211503
20170616,1254.4,1258.6,1253.2,1255.2,122273
20170618,1255.8,1257.3,1252.2,1254.1,23704
20170619,1254.1,1254.8,1244.1,1246.5,164919
20170620,1246.4,1249.4,1242.4,1247.4,159131
20170621,1247.3,1255,1241.7,1253.7,166893
20170622,1253.6,1256,1247.5,1252.7,158937
20170623,1252.8,1260,1252.8,1257.8,87947
20170625,1258.6,1259,1254.2,1255,19493
20170626,1255,1255.9,1236.7,1245.6,215497
20170627,1245.7,1253.9,1245.3,1251.8,200417
20170628,1251.8,1255.7,1248.2,1251.5,176171
20170629,1251.5,1253,1239.7,1246.4,250309
20170630,1246.4,1246.7,1239,1241.4,150927
20170702,1241.7,1242.6,1236.4,1237.6,31486
20170703,1237.6,1238,1218,1222.4,238074
20170704,1222.4,1228.4,1222,1225.4,100373
20170705,1225.5,1229.5,1216.5,1225.8,218588
20170706,1225.8,1226.9,1218.5,1220,176618
20170707,1220.1,1228.1,1206.6,1211.9,248954
20170709,1212.5,1213.4,1209.6,1210.2,25882
20170710,1210.3,1215.6,1204,1210.3,200957
20170711,1210.3,1219.9,1207.4,1219.1,195725
20170712,1219,1225.2,1212.5,1222.4,219900
20170713,1222.5,1223.6,1214,1215.7,177310
20170714,1215.7,1232.7,1215.5,1228,195448
20170716,1228.7,1231.5,1227.5,1229.8,25313
20170717,1229.9,1237.6,1228.5,1237,159885
20170718,1237.1,1244.1,1234.5,1240.7,205107
20170719,1240.8,1243.5,1235.1,1238.2,168278
20170720,1238.2,1247.2,1234.6,1244.8,222497
20170721,1244.8,1255.9,1244.3,1255,172574
20170723,1255.1,1257.6,1253.5,1254.2,24803
20170724,1254.2,1259,1252,1256,152516
20170725,1256,1258,1245.5,1246.5,200893
20170726,1246.4,1264.7,1243.2,1262.9,192056
20170727,1262.9,1265,1253.9,1257.4,137752
20170728,1257.3,1270,1257.3,1269,13957
20170730,1276.3,1277.3,1273,1274.2,24786
20170731,1274.3,1276.8,1271.7,1276.1,152796
20170801,1276.1,1280.3,1268.4,1271.3,201580
20170802,1271.3,1279,1262.9,1268.5,208159
20170803,1268.5,1277,1265.8,1274.3,179751
20170804,1274.3,1276.5,1259.8,1264.3,233191
20170806,1264.7,1265,1262.3,1263.8,19349
20170807,1263.9,1266.6,1261.3,1265.8,120090
20170808,1265.8,1273,1257.1,1270.4,244926
20170809,1270.3,1284.7,1270,1282.5,268341
20170810,1282.5,1294.9,1282.3,1291.9,251616
20170811,1291.8,1298.1,1286.7,1295,219527
20170813,1295.3,1296,1291,1292.4,39389
20170814,1292.5,1293.2,1277,1280.4,235874
20170815,1280.5,1281.7,1272.7,1278.7,254944
20170816,1278.6,1295.2,1273.2,1293.2,287950
20170817,1293.2,1296,1286.4,1293.7,294488
20170818,1293.8,1306.9,1289.1,1290.3,342221
20170820,1290.1,1292.1,1286.2,1291.1,39721
20170821,1291.2,1299.7,1289.9,1294.1,242983
20170822,1294,1296.7,1287,1290.8,252202
20170823,1290.9,1297,1290.1,1294,217791
20170824,1294,1295.6,1289.3,1292,227612
20170825,1292.1,1301.4,1281.3,1296.5,322705
20170827,1297.8,1300.1,1297.1,1299.5,26997
20170828,1299.4,1330,1299.2,1322.1,324727
20170829,1322.1,1331.9,1310.6,1317,390500
20170830,1317,1319.3,1302.3,1308.5,289922
20170831,1308.5,1329,1307.5,1324.9,314226
20170901,1324.8,1334.5,1321.4,1329.9,317049
20170903,1339.7,1343.5,1337.1,1339.2,56610
20170904,1339.1,1345.5,1336.7,1341.6,164085
20170905,1341.5,1349.7,1331.1,1343.7,343440
20170906,1343.6,1347,1336.4,1339.6,281795
20170907,1339.7,1358.8,1338.8,1358.7,376180
20170908,1358.7,1362.4,1347.1,1351,305016
20170910,1341.5,1344.6,1337.3,1341.7,47371
20170911,1341.7,1343.3,1327,1328.3,275486
20170912,1328.2,1340.5,1326.7,1335.2,255016
20170913,1335.2,1339.1,1322.2,1326.1,288780
20170914,1326.2,1338.2,1319.5,1333.6,339481
20170915,1333.7,1335.1,1323,1323.5,263735
20170917,1324,1324,1318,1321.6,34141
20170918,1321.6,1322.1,1308.1,1310.6,260169
20170919,1310.6,1316.5,1308.7,1316.1,248479
20170920,1316.1,1319.8,1299,1301.4,350128
20170921,1301.4,1301.9,1291.2,1301,374722
20170922,1300.9,1301.6,1296.5,1300.5,194163
20170924,1301.5,1301.5,1291.7,1296.7,42455
20170925,1296.7,1317.1,1293.6,1316.3,341021
20170926,1316.2,1316.5,1293.1,1297,350961
20170927,1297,1298.7,1283.1,1283.4,341403
20170928,1283.3,1291.6,1280.4,1288.2,264856
20170929,1288.1,1293.2,1278.2,1282.5,249446
20171001,1282.2,1282.8,1276.1,1277.8,36404
20171002,1277.7,1279.9,1271,1271.8,263481
20171003,1271.8,1278.8,1271.2,1277.9,191731
20171004,1277.9,1285,1273.1,1277.5,256097
20171005,1277.6,1281.6,1268.5,1270.3,215704
20171006,1270.3,1279.2,1262.8,1278.9,335319
20171008,1278.6,1287.4,1277.7,1285.1,43986
20171009,1285.1,1290.6,1281.8,1289.6,192687
20171010,1289.6,1296.7,1288,1289.7,284879
20171011,1289.7,1297.9,1286.8,1297.2,254424
20171012,1297.1,1299.8,1291.8,1297.8,222148
20171013,1297.8,1306.4,1292.9,1306.1,254208
20171015,1306,1306.9,1303.2,1304.4,28349
20171016,1304.4,1308.4,1292.5,1294.8,268236
20171017,1294.7,1295,1283.2,1288.3,310706
20171018,1288.2,1288.5,1277.6,1279.5,256605
20171019,1279.4,1292.9,1278.4,1284.8,339569
20171020,1284.7,1286.7,1279.3,1281.8,234484
20171022,1281.5,1281.5,1275.4,1277.7,42509
20171023,1277.7,1285.3,1273.6,1284.3,259545
20171024,1284.4,1284.6,1272.6,1274.1,253250
20171025,1274,1282.3,1272,1281.2,353839
20171026,1281.2,1283.8,1266.1,1268.4,359599
20171027,1268.3,1275.2,1263.8,1274.6,301961
20171029,1274.3,1274.9,1271.5,1272.7,26578
20171030,1272.6,1279.9,1269.8,1276.1,241381
20171031,1276.1,1279.1,1268.3,1270.2,253476
20171101,1270.2,1282.5,1270.1,1280.8,384953
20171102,1280.8,1285.1,1274,1277.9,338968
20171103,1277.9,1281.2,1265.9,1270.2,329431
20171105,1270.7,1271.4,1266.4,1270.6,46369
20171106,1270.6,1283.9,1268,1279.5,309795
20171107,1279.4,1280.7,1272.3,1278.6,311345
20171108,1278.5,1288,1276.5,1284.2,320089
20171109,1284.3,1289.5,1282.2,1285.3,344407
20171110,1285.3,1286.5,1273.6,1275.6,278064
20171112,1275.3,1277.5,1274.4,1277.2,25990
20171113,1277.3,1279.9,1275.5,1276.8,197421
20171114,1276.8,1283.8,1269.7,1281,325183
20171115,1281,1290,1275.5,1276.2,396924
20171116,1276.1,1284,1274.9,1281.8,268005
20171117,1281.8,1297.4,1281,1294.4,285078
20171119,1294.1,1295.1,1291.2,1291.7,40747
20171120,1291.6,1293.7,1274.1,1279.4,362660
20171121,1279.4,1284.5,1275.8,1281.2,272382
20171122,1281.2,1294.6,1281,1289,275620
20171123,1289,1293.3,1286.5,1291.3,114373
20171124,1291.3,1291.8,1285.1,1288,141164
20171126,1288,1290.2,1286.2,1289.7,26894
20171127,1289.8,1299,1289,1293.8,247466
20171128,1293.7,1297,1290.1,1294.6,150371
20171129,1294.5,1296.2,1281.1,1286.7,43804
20171130,1286.8,1287.1,1273.1,1278,327636
20171201,1278,1292.5,1274.2,1283.1,359375
20171203,1277.6,1278.6,1275.3,1277.2,31376
20171204,1277.2,1280.5,1273.5,1278.5,240998
20171205,1278.4,1279.4,1263.2,1269.9,315125
20171206,1269.9,1271.8,1262.1,1262.7,235361
20171207,1262.7,1262.7,1245.8,1251.2,296735
20171208,1251.1,1254.4,1244.4,1250.5,241517
20171210,1249.2,1251.8,1249,1251.5,23208
20171211,1251.5,1253.4,1242.4,1246.6,180564
20171212,1246.6,1247.9,1238.3,1245.9,218754
20171213,1246,1261.6,1242.3,1260.7,300088
20171214,1260.6,1260.8,1252.8,1257.3,235980
20171215,1257.3,1264.5,1256.1,1258.1,204288
20171217,1257.8,1258.9,1255.3,1258.4,24835
20171218,1258.4,1267,1258.4,1266.7,196676
20171219,1266.7,1268.6,1262.3,1266.4,192929
20171220,1266.4,1271.8,1265.4,1269.6,200466
20171221,1269.6,1272.5,1266,1270.5,172815
20171222,1270.4,1280.4,1270.2,1279.1,155264
20171225,1279,1283.4,1277.7,1283.1,23483
20171226,1283.1,1288.4,1281.4,1287.1,127477
20171227,1287,1295.6,1286.7,1295.6,203515
20171228,1295.6,1298.4,1290.8,1298.2,193375
20171229,1298.2,1309.8,1296.8,1305.1,190290
20180101,1305.3,1309.7,1304.6,1309.3,32292
20180102,1309.3,1323,1309.2,1316.1,283303
20180103,1316.1,1319.4,1307.1,1311.4,312519
20180104,1311.3,1327.3,1309.4,1321.3,299755
20180105,1321.3,1323.9,1314.6,1320.3,265920
20180107,1321.8,1323,1318.2,1318.9,32453
20180108,1319,1321.8,1315.7,1320.1,217996
20180109,1320.2,1320.4,1308.9,1310.2,274845
20180110,1310.2,1328.6,1309.6,1318.3,341779
20180111,1318.2,1331,1316.1,1329,254605
20180112,1328.9,1340,1321,1338.3,267606
20180114,1337.3,1345,1336.3,1344.3,58386
20180115,1344.3,1344.9,1338.4,1341.3,143460
20180116,1341.3,1344.5,1332.1,1334.7,307422
20180117,1334.6,1340.9,1324.3,1328.6,291364
20180118,1328.7,1333.3,1325.3,1331.6,284870
20180119,1331.5,1338.2,1330.9,1331.1,192130
20180121,1334,1335.8,1330.1,1331.6,44630
20180122,1331.5,1336.9,1328,1335.3,226346
20180123,1335.2,1342,1330.7,1341.8,304345
20180124,1341.7,1364.3,1340.9,1364.1,378674
20180125,1364.1,1365.4,1341.3,1351.4,427670
20180126,1351.3,1356,1347.6,1348.7,224848
20180128,1349,1351.4,1345.1,1346.5,34156
20180129,1346.5,1347.6,1332.8,1333.5,148558
20180130,1333.4,1347.8,1333,1346.2,67712
20180131,1346.2,1351,1335.5,1347.2,339042
20180201,1347.2,1354.3,1340.2,1350.5,285237
20180202,1350.4,1352.4,1330.1,1335.2,343486
20180204,1334.6,1336.7,1331.6,1335.1,43580
20180205,1335.1,1349.3,1333.5,1346.1,341478
20180206,1346.2,1347.5,1322.8,1332.2,394486
20180207,1332.2,1334.8,1311.7,1313.5,343675
20180208,1313.5,1325,1309,1320,309386
20180209,1319.9,1322.6,1313.2,1318.1,254212
20180211,1317.1,1330,1316.3,1325.6,42457
20180212,1325.6,1331.5,1318.3,1328.5,184917
20180213,1328.5,1339.4,1325.1,1337.2,198792
20180214,1337.2,1358.6,1319.1,1356.9,319513
20180215,1356.9,1362.8,1350.8,1361,240673
20180216,1361,1364.4,1347.3,1349.4,172419
20180218,1350.2,1354,1348.6,1349.1,25650
20180219,1349,1351.9,1342.3,1343,86351
20180220,1343,1345.8,1327.6,1329.3,250486
20180221,1329.2,1338.5,1323.9,1325.5,239702
20180222,1325.4,1334.4,1322.9,1329.7,189109
20180223,1329.6,1333.7,1327.7,1330.5,127459
20180225,1330.4,1341.7,1328,1341.6,53030
20180226,1341.6,1342.9,1331.7,1334.5,205682
20180227,1334.6,1336.1,1314.4,1319,304647
20180228,1318.9,1323.7,1314.1,1314.4,232927
20180301,1314.4,1322.3,1303.6,1319.3,367539
20180302,1319.3,1326.6,1316.6,1323.7,201468
20180304,1324.9,1328.2,1320.5,1327.4,35295
20180305,1327.3,1328.9,1318.3,1323.8,179629
20180306,1323.8,1342,1321.4,1334,292846
20180307,1333.9,1336.4,1323,1327.7,227985
20180308,1327.7,1329.8,1317.3,1318.8,219159
20180309,1318.8,1325.9,1313.2,1324,242067
20180311,1324.1,1325,1321.7,1324.2,26572
20180312,1324.1,1326.4,1315.3,1319.3,189099
20180313,1319.3,1329.7,1313.8,1328.2,272619
20180314,1328.1,1330.5,1321.7,1327.2,206128
20180315,1327.2,1328.1,1313.5,1316.4,233363
20180316,1316.4,1321.8,1309.5,1313.9,156844
20180318,1312.9,1314.4,1310,1311.3,28878
20180319,1311.3,1319.6,1307.4,1315.3,213203
20180320,1315.3,1316.7,1306.6,1313.3,229442
20180321,1313.3,1336.9,1312.4,1329.8,411120
20180322,1329.9,1339.2,1324.6,1337.8,314401
20180323,1337.8,1350.4,1337.8,1347.3,321211
20180325,1347,1351.2,1345.8,1348.3,37802
20180326,1348.2,1356,1343.4,1353.6,213639
20180327,1353.6,1356.8,1339.6,1342.6,140910
20180328,1342.5,1343.4,1322.4,1326.4,14083
20180329,1326.1,1327.1,1321.7,1325,1445
20180401,1330.7,1334.3,1329,1333.5,34184
20180402,1333.4,1349.2,1332.3,1342.5,247158
20180403,1342.4,1346.2,1332.7,1339,267291
20180404,1339,1352.5,1331.4,1332,339373
20180405,1332.1,1336.7,1326,1331.2,280569
20180406,1331.1,1339.1,1322.6,1337.3,280405
20180408,1338,1338.5,1333.2,1335.9,29161
20180409,1335.8,1341.9,1330.1,1337.3,220073
20180410,1337.3,1346.2,1334.2,1345.1,261010
20180411,1345.2,1369.4,1344.8,1353.1,470291
20180412,1353,1355.8,1336.7,1343.3,355789
20180413,1343.3,1350.3,1335.5,1348.6,214741
20180415,1349.8,1351.5,1342.8,1348.8,58364
20180416,1348.8,1353.5,1343.8,1347.4,228008
20180417,1347.4,1351.6,1340.2,1346.3,256073
20180418,1346.2,1359,1345,1354.6,303469
20180419,1354.5,1357.7,1343.2,1344.5,303906
20180420,1344.5,1346.8,1337,1337.6,217704
20180422,1336.2,1337.3,1333.2,1335.9,37281
20180423,1335.9,1337.6,1323.6,1328.2,271132
20180424,1328.2,1334.5,1325,1329,244553
20180425,1329,1329.1,1320.2,1324.6,230056
20180426,1324.6,1328,1316.2,1318.5,268959
20180427,1318.6,1326.4,1315.8,1324.1,193260
20180429,1324,1325.9,1321.8,1322.5,20146
20180430,1322.5,1323.2,1310.7,1312.9,260724
20180501,1313,1313.3,1302.3,1310.8,281792
20180502,1310.8,1314.7,1304.7,1310.1,315980
20180503,1310.2,1319,1307,1313.2,272702
20180504,1313.2,1316.9,1308.5,1316,259865
20180506,1316.3,1320.1,1314.7,1316.7,42420
20180507,1316.8,1317.7,1310.6,1311.9,204262
20180508,1311.8,1318.5,1306.2,1311.4,345573
20180509,1311.3,1317.8,1304.2,1315.4,325222
20180510,1315.4,1323.4,1310.6,1319.8,320759
20180511,1319.8,1326.3,1317,1318.4,203342
20180513,1318.3,1322.4,1317.9,1319.3,30234
20180514,1319.3,1321.9,1310.9,1311.1,213483
20180515,1311,1312.2,1288.2,1293.6,437881
20180516,1293.5,1296.4,1285.7,1291.1,297596
20180517,1291,1292.6,1284,1287.7,258538
20180518,1287.7,1293.7,1285.1,1291.7,199742
20180520,1290.3,1291.4,1286.8,1287.4,39644
20180521,1287.4,1292.9,1281.2,1288.8,268383
20180522,1288.8,1296,1287.2,1291.8,263569
20180523,1291.8,1298.4,1286.7,1294.7,338958
20180524,1294.7,1306.4,1292.2,1301.9,350993
20180525,1301.9,1307.2,1299.4,1301.2,204648
20180527,1299,1300.4,1296.1,1298.3,27371
20180528,1298.2,1300.8,1294.6,1297.3,91319
20180529,1297.2,1306.1,1291.5,1298.4,173856
20180530,1298.4,1309.9,1295.2,1307.6,49065
20180531,1307.6,1311.5,1301,1302.9,259424
20180601,1302.8,1304.3,1293.1,1297.9,269099
20180603,1296.7,1298.6,1294.7,1295.5,28677
20180604,1295.4,1302.3,1293.8,1295.4,206299
20180605,1295.4,1304.8,1293.5,1300.8,246392
20180606,1300.7,1306.1,1297.7,1301.3,228309
20180607,1301.4,1307.8,1299,1300.9,224231
20180608,1300.9,1304.8,1296,1303.5,176726
20180610,1303.5,1305.7,1302.3,1303.1,26830
20180611,1303.1,1307,1297.8,1300.9,212475
20180612,1300.9,1304,1296.3,1298.5,204720
20180613,1298.5,1305.2,1294.5,1302.8,256008
20180614,1302.9,1313,1302.7,1305,336707
20180615,1305,1305.1,1277.9,1282,440453
20180617,1281.1,1284.9,1279.9,1282.7,32545
20180618,1282.6,1286.8,1279.5,1285.6,192173
20180619,1285.6,1285.9,1272.6,1276.1,254200
20180620,1276.1,1278.6,1266.6,1267.4,219638
20180621,1267.4,1272.3,1262.4,1269.1,242879
20180622,1269.2,1273.1,1268.5,1271.1,143242
20180624,1272.2,1274.4,1267.4,1268.8,37057
20180625,1268.9,1274.1,1264,1265.3,173532
20180626,1265.3,1266.2,1255,1256.6,247890
20180627,1256.6,1261.9,1252.2,1253.4,220894
20180628,1253.4,1255.8,1246.9,1252.5,241033
20180629,1252.5,1257.1,1249.6,1254.2,165852
20180701,1253.4,1255.6,1251.8,1252,25212
20180702,1252,1252.2,1238.8,1239.6,241371
20180703,1239.5,1261.7,1238.8,1257.9,267129
20180704,1257.9,1262.4,1255.2,1256.3,121444
20180705,1256.3,1261,1252.2,1255.8,221824
20180706,1255.9,1260.2,1254.4,1255.9,146996
20180708,1255.7,1260.7,1255.7,1259.9,29987
20180709,1259.8,1266.9,1258,1259.6,199891
20180710,1259.6,1260.3,1247.7,1251.5,261743
20180711,1251.4,1253.8,1241.4,1244.6,208111
20180712,1244.6,1248.8,1242.3,1244.8,174530
20180713,1244.8,1246.4,1236.2,1241.8,181673
20180715,1241,1244.7,1240.5,1244.1,24278
20180716,1244,1245.8,1237.4,1241.4,170699
20180717,1241.4,1245.1,1225.9,1226.9,270525
20180718,1226.8,1228.4,1220.9,1224.5,241623
20180719,1224.5,1229.6,1210.7,1221.7,363952
20180720,1221.6,1232.4,1220.8,1231.9,228889
20180722,1231.7,1235.2,1230.2,1231.8,43173
20180723,1231.9,1232.9,1218.1,1219.1,246532
20180724,1219.1,1229.7,1218.6,1224.1,217745
20180725,1224.1,1235.3,1224.1,1231.6,240770
20180726,1231.5,1231.5,1221.5,1223.8,199222
20180727,1223.8,1226.9,1216.7,1222.2,147755
20180729,1222.5,1223.3,1218.5,1219.6,3591
20180730,1219.5,1232.2,1218.1,1231.4,46954
20180731,1231.4,1237.8,1222.6,1229.6,268827
20180801,1229.7,1233.7,1224.4,1227,201936
20180802,1227,1228.9,1214.2,1215.4,226244
20180803,1215.4,1228.5,1212.5,1221.9,237440
20180805,1222,1226,1221.6,1223.7,27331
20180806,1223.6,1223.6,1214.4,1218.7,183498
20180807,1218.7,1224.3,1216.4,1221.7,199335
20180808,1221.6,1223.8,1213.6,1222.3,251803
20180809,1222.3,1225.6,1218.4,1218.7,212342
20180810,1218.6,1224.9,1213.1,1219.2,274255
20180812,1218.4,1221.4,1214.7,1215.8,45743
20180813,1215.8,1217.2,1198.6,1201.9,343344
20180814,1201.9,1205.8,1194,1194.3,223279
20180815,1194.3,1196.3,1167.1,1180.9,371693
20180816,1180.9,1189,1178.5,1183.6,284103
20180817,1183.5,1192,1180.2,1191.8,194417
20180819,1190.4,1193.4,1189.6,1192.5,34379
20180820,1192.5,1202.3,1191.4,1201.5,189911
20180821,1201.5,1204.6,1194.7,1202.5,184013
20180822,1202.4,1208.4,1196.6,1198.2,229634
20180823,1198.2,1199.4,1189.5,1194.4,212731
20180824,1194.5,1215.4,1193.8,1212.3,245037
20180826,1214.5,1214.7,1209.7,1212.9,39461
20180827,1212.8,1218.9,1209.3,1215.8,194421
20180828,1215.8,1220.7,1205.8,1210.7,243116
20180829,1210.7,1214,1207.4,1209.7,223321
20180830,1209.6,1212.8,1202.1,1210.6,276607
20180831,1210.6,1214.9,1204.1,1206.9,221056
20180902,1206.3,1206.7,1201.2,1205.4,36614
20180903,1205.4,1209.7,1204.3,1205.4,109397
20180904,1205.3,1206.8,1195.1,1198.9,275510
20180905,1198.9,1205.6,1197.2,1202.8,201654
20180906,1202.8,1212.7,1200.5,1207,244322
20180907,1206.9,1207.8,1198.7,1201.8,226538
20180909,1200.7,1202.1,1197.6,1198.3,37723
20180910,1198.3,1203.8,1196.2,1199,190300
20180911,1199,1204.8,1192.7,1198.8,256132
20180912,1198.7,1213.9,1197.8,1209.7,281746
20180913,1209.6,1218,1205,1210.4,279096
20180914,1210.4,1213.8,1197.7,1198.3,239999
20180916,1199.8,1200.5,1197.5,1199.6,30897
20180917,1199.6,1209.7,1198.9,1202.9,207528
20180918,1202.9,1208.2,1200.3,1206.7,208235
20180919,1206.7,1211.4,1205.7,1210.4,219656
20180920,1210.4,1214.9,1205.1,1213.9,228870
20180921,1213.9,1215.8,1196,1203.3,293993
20180923,1204,1204.3,1200.1,1201.2,16805
20180924,1201.3,1208.8,1198.6,1203,205148
20180925,1202.9,1207.9,1202.6,1206.4,177372
20180926,1206.4,1206.9,1194.6,1202.1,312526
20180927,1202.1,1202.4,1185.6,1187.1,322813
20180928,1187.1,1198,1184.3,1196.2,266392
20180930,1196.1,1196.5,1191.6,1192.1,26813
20181001,1192,1197.2,1188.1,1196.3,208871
20181002,1196.3,1212.3,1192.6,1209.9,358201
20181003,1210,1210.4,1199.6,1200.3,232190
20181004,1200.2,1210.7,1199.8,1202.1,255855
20181005,1202.1,1209.8,1200.9,1206.7,221824
20181007,1206.7,1208,1198.8,1200.5,46179
20181008,1200.4,1200.8,1186,1194.8,290148
20181009,1194.8,1195.1,1186.6,1192.9,221057
20181010,1192.9,1198.6,1188.5,1196.4,258812
20181011,1196.5,1230,1195.2,1223.4,488731
20181012,1223.3,1227.5,1219.3,1221.6,254180
20181014,1221.2,1225.9,1220.4,1225.5,24346
20181015,1225.5,1236.9,1224.7,1229.4,279023
20181016,1229.3,1235.9,1224.8,1225.3,236215
20181017,1225.3,1232.9,1223.7,1226.7,219780
20181018,1226.7,1233.6,1221.7,1230.5,237740
20181019,1230.5,1234.1,1226.2,1230,163052
20181021,1230.5,1232.6,1229.3,1230.6,25194
20181022,1230.6,1231.2,1222.8,1226.8,153882
20181023,1226.9,1243,1226.6,1234.8,279132
20181024,1234.7,1240.8,1228.3,1239.7,209360
20181025,1239.7,1242,1230.5,1234.2,229833
20181026,1234.2,1246,1233,1235.4,271955
20181028,1236.4,1237.6,1234,1235.2,26640
20181029,1235.3,1236.2,1226.1,1229.5,215163
20181030,1229.6,1230.5,1216.5,1218.2,222241
20181031,1218.2,1220.3,1213.4,1219.7,205230
20181101,1219.7,1239.3,1218.9,1234.9,283255
20181102,1234.9,1238.4,1231.3,1234.6,208607
20181104,1234.5,1236.8,1232.7,1233.2,20131
20181105,1233.2,1236.1,1228.4,1231.6,143000
20181106,1231.6,1237.8,1224.2,1230.2,226393
20181107,1230.2,1238.4,1223.5,1225.4,195853
20181108,1225.4,1228.5,1218.6,1220.7,200615
20181109,1220.8,1222.5,1207.2,1210.3,230864
20181111,1210.3,1212,1208.3,1208.8,25512
20181112,1208.8,1209.3,1200.6,1204.5,171334
20181113,1204.5,1205.3,1196.6,1202.5,208198
20181114,1202.4,1217.2,1198.1,1211.8,248872
20181115,1211.9,1217.8,1207.1,1215.2,224744
20181116,1215.2,1226,1214.6,1222,188065
20181118,1223.1,1224.2,1218.5,1218.8,22470
20181119,1218.8,1226.5,1218.7,1223.3,157401
20181120,1223.3,1229.5,1220.1,1221.9,212220
20181121,1221.8,1230.9,1221.5,1227.9,174744
20181122,1227.9,1229.7,1226.8,1228.1,68539
20181123,1228,1228.2,1220.3,1223.4,106627
20181125,1223.9,1226.5,1222.6,1226.1,22879
20181126,1226.1,1228.6,1220.5,1222,131057
20181127,1222,1225.2,1211.4,1212.3,198674
20181128,1212.3,1227.7,1210.5,1225.3,140743
20181129,1225.5,1231.1,1221.1,1229.9,29794
20181130,1229.9,1230.3,1221.8,1227.8,139083
20181202,1227.8,1233.5,1226.6,1232.1,33204
20181203,1232.2,1243.3,1231.4,1242.8,237624
20181204,1242.8,1247.5,1239.4,1240.5,197676
20181205,1240.5,1246.3,1238.7,1245.3,107716
20181206,1245.3,1249.9,1240,1244.7,220790
20181207,1244.8,1255.8,1243.3,1254,191261
20181209,1255.6,1256.6,1253.2,1254.7,28958
20181210,1254.7,1255.6,1246.9,1252.5,173099
20181211,1252.6,1255.1,1245.8,1249.1,169107
20181212,1249,1252.6,1247.1,1249.6,132818
20181213,1249.6,1251.5,1244.4,1245.3,146430
20181214,1245.3,1245.3,1236.5,1242.3,165223
20181216,1242.8,1242.9,1239.4,1240.5,15352
20181217,1240.5,1253,1240,1251.5,158891
20181218,1251.4,1255.3,1249,1254.4,153758
20181219,1254.4,1262.2,1245.3,1248.4,259547
20181220,1248.4,1270.3,1248.3,1262.7,286294
20181221,1262.7,1266.2,1257.1,1259.1,174287
20181223,1260.7,1267.6,1260,1266.7,23148
20181224,1266.7,1273.9,1262.1,1272.5,103298
20181225,1273.5,1276.9,1267.5,1276.2,33617
20181226,1276.1,1282.3,1267.4,1271.3,189757
20181227,1271.3,1281.6,1269.1,1280.8,189926
20181228,1280.9,1284.7,1278.2,1283.4,129476
20181230,1283,1283.5,1279.7,1281.3,12337
20181231,1281.2,1286.5,1280.2,1284.7,87701
20190101,1285,1288.6,1280.8,1288.4,31218
20190102,1288.4,1292.4,1280.6,1291.9,215591
20190103,1292,1300.4,1286.4,1297.2,222511
20190104,1297.2,1297.5,1278.1,1286.2,242137
20190106,1287,1293.1,1284.1,1292.8,35745
20190107,1292.8,1297,1282.8,1284.1,187207
20190108,1284,1288.4,1280.2,1283.4,168219
20190109,1283.4,1298,1280.9,1297.1,219399
20190110,1297.1,1297.9,1286.7,1294.4,192633
20190111,1294.4,1295.7,1287.2,1287.9,137558
20190113,1288,1293,1287.7,1291.9,31581
20190114,1292,1296.6,1288.6,1291.1,169183
20190115,1291.1,1294.8,1286.5,1291.4,204345
20190116,1291.5,1295.4,1287.6,1292.2,160606
20190117,1292.2,1294.8,1288.3,1290.7,168292
20190118,1290.7,1291.8,1280.1,1281.3,177572
20190120,1280.7,1283,1280.4,1280.8,19268
20190121,1280.8,1282.8,1276,1278.5,86804
20190122,1278.5,1285.1,1277.6,1283.5,159021
20190123,1283.5,1286,1277.7,1280.7,165980
20190124,1280.7,1283,1275.3,1281.2,172853
20190125,1281.2,1303.4,1280.7,1302.5,238278
20190127,1302.3,1303.7,1298.7,1301.7,31053
20190128,1301.7,1303.6,1296.5,1303.1,144669
20190129,1303.1,1314,1303.1,1313.9,117626
20190130,1313.9,1325.8,1308.1,1324.6,34430
20190131,1324.6,1331.1,1322.1,1322.6,208068
20190201,1322.5,1328.2,1320.6,1322,165234
20190203,1322.6,1323.6,1316.6,1317.1,19588
20190204,1317.1,1319.6,1312.7,1319.4,138987
20190205,1319.3,1321,1314.8,1318,120127
20190206,1318.1,1319.7,1306.4,1307.8,142382
20190207,1307.7,1315.8,1307.1,1313.4,145523
20190208,1313.3,1319.5,1311.5,1318.2,112611
20190210,1318.1,1318.7,1314.3,1314.6,18524
20190211,1314.7,1316,1307.1,1312.3,144063
20190212,1312.3,1318.3,1311.6,1316.8,140566
20190213,1316.8,1321.7,1308.1,1312,203657
20190214,1312,1317.4,1304.7,1315.3,210546
20190215,1315.2,1325.8,1315.2,1325,175038
20190217,1325,1328.5,1323.8,1325.8,27344
20190218,1325.9,1330.8,1324.4,1327.1,84285
20190219,1327.2,1349.8,1325.9,1345.5,242041
20190220,1345.4,1349.4,1339.8,1341.6,220779
20190221,1341.7,1343.3,1323.3,1328.1,269224
20190222,1328.1,1335.6,1323.8,1330.7,203074
20190224,1331.9,1334.1,1329.3,1332.8,27307
20190225,1332.7,1334.9,1327.3,1330.7,167448
20190226,1330.7,1332,1325.5,1329.5,158506
20190227,1329.5,1330.8,1318.4,1319.8,174180
20190228,1319.8,1328.9,1312.6,1312.9,235910
20190301,1312.8,1313.5,1291.3,1294.5,278520
20190303,1294.4,1298.1,1294.4,1295.2,28477
20190304,1295.1,1295.8,1283.8,1289.2,243719
20190305,1289.2,1290.3,1282,1289.2,194535
20190306,1289.2,1291.8,1284.3,1284.9,175302
20190307,1284.8,1291.1,1280.8,1291,203490
20190308,1291.1,1301.3,1290.2,1298.6,222075
20190310,1298.2,1298.7,1295.7,1297.6,22007
20190311,1297.6,1299.2,1290.6,1296.7,148199
20190312,1296.8,1305.8,1294.3,1304.8,166470
20190313,1304.9,1311.6,1302.6,1303,168398
20190314,1303,1304.6,1292.5,1297.7,215293
20190315,1297.8,1306.3,1297.4,1302.3,156995
20190317,1302,1302.5,1298,1299.5,23056
20190318,1299.5,1307.7,1298.2,1307.6,156054
20190319,1307.5,1310.8,1303.4,1304.6,178161
20190320,1304.6,1319,1298.1,1318.7,326468
20190321,1318.7,1320.2,1302.8,1307.9,271601
20190322,1307.8,1314.7,1307,1313.4,185412
20190324,1313.3,1316.1,1310.6,1315.4,26457
20190325,1315.5,1324.5,1314.6,1319.4,200812
20190326,1319.5,1319.5,1312.1,1314.4,202110
20190327,1314.4,1318.8,1306.2,1309.6,125953
20190328,1309.6,1311.1,1287.7,1293.5,48617
20190329,1293.6,1304.6,1291.3,1297,226055
20190331,1297.2,1298.5,1294.8,1297.6,29960
20190401,1297.5,1301.7,1289.7,1290.4,206749
20190402,1290.3,1297.7,1289.5,1297.4,182717
20190403,1297.4,1299,1292.7,1297,152946
20190404,1297,1298.7,1284.9,1293.6,244094
20190405,1293.6,1297.4,1288.3,1295.9,200651
20190407,1295.8,1301,1295.5,1300.4,34102
20190408,1300.4,1307.9,1300,1303.3,183448
20190409,1303.3,1310.4,1301.1,1306.4,180290
20190410,1306.4,1314.7,1304.7,1310.9,215232
20190411,1310.9,1312,1292.9,1296,300709
20190412,1296,1299.1,1293.2,1293.5,157967
20190414,1294,1295.2,1289.8,1292,34325
20190415,1292,1293.1,1285.3,1287.6,176399
20190416,1287.6,1290.3,1275.5,1279.8,305021
20190417,1279.8,1282.1,1273.6,1274.1,206795
20190418,1274,1279.7,1273,1277.9,187220
20190421,1278,1281.9,1277.4,1281.2,28131
20190422,1281.2,1281.8,1275.5,1276.3,128469
20190423,1276.2,1276.8,1267.9,1271.8,252267
20190424,1271.8,1280.7,1271.1,1277.5,233363
20190425,1277.5,1284.8,1276.6,1282.1,227445
20190426,1282.1,1290.9,1276,1288.4,238096
20190428,1289,1289.1,1286.9,1287.4,19150
20190429,1287.3,1287.6,1279.9,1285.4,201078
20190430,1285.4,1288.2,1281,1281.6,225460
20190501,1281.7,1289.4,1273.8,1275.8,269540
20190502,1275.8,1275.9,1267.3,1272.9,234699
20190503,1272.9,1283.9,1269,1280.2,247150
20190505,1281.8,1287.4,1281.8,1283.7,58355
20190506,1283.7,1285.3,1278.1,1283.9,198840
20190507,1284,1288.4,1279.1,1288.3,228191
20190508,1288.2,1292.8,1280.2,1283,266608
20190509,1283.1,1289.2,1280.9,1287.4,273850
20190510,1287.4,1290.3,1284,1286.8,162005
20190512,1288.3,1289.2,1283.5,1284.8,30695
20190513,1284.8,1304.2,1282.4,1300.2,337884
20190514,1300.1,1300.8,1294.3,1295.7,187828
20190515,1295.7,1301.7,1293.6,1296.9,222151
20190516,1297,1299.3,1284.2,1286.6,245537
20190517,1286.6,1289,1274.6,1277.4,217420
20190519,1277.6,1278.7,1275.6,1276.2,24850
20190520,1276.2,1278.8,1273.3,1275.2,164249
20190521,1275.2,1276.2,1269,1273.3,174036
20190522,1273.4,1277.1,1272,1272.5,154320
20190523,1272.5,1287.1,1272.2,1283.2,269948
20190524,1283.3,1284.7,1280.1,1284.3,139915
20190526,1283.5,1286.9,1283.2,1286.2,17535
20190527,1286.3,1286.6,1281.4,1281.8,46643
20190528,1281.8,1284.4,1275.1,1280.7,172287
20190529,1280.7,1285.2,1276.2,1276.5,105436
20190530,1277,1297.8,1273.9,1297.3,51572
20190531,1297.3,1311.9,1296.5,1310.2,276916
20190602,1312.5,1317.8,1310.9,1317.5,43777
20190603,1317.5,1333,1314.2,1327.9,332845
20190604,1328,1334.1,1324.7,1330.4,289970
20190605,1330.4,1348.9,1330.4,1335,389488
20190606,1335,1344.2,1334.5,1337.1,134378
20190607,1337.1,1352.7,1334.3,1344.9,278246
20190609,1341.2,1341.7,1331.8,1332.1,53173
20190610,1332.1,1334.1,1329,1332.7,183315
20190611,1332.7,1337.5,1323.6,1336.2,206365
20190612,1336.1,1342.3,1333.6,1338.3,222667
20190613,1338.4,1351.7,1337.3,1348.8,197228
20190614,1348.8,1362.2,1341.4,1345.3,301680
20190616,1345.5,1347.1,1339.8,1344.8,39454
20190617,1344.8,1347,1336.6,1345.4,209251
20190618,1345.4,1358.5,1342.7,1349.1,345743
20190619,1349.1,1397.7,1344.8,1382.3,391261
20190620,1382.4,1415.4,1381.5,1407.5,477680
20190621,1407.6,1409.8,1386.1,1403,382955
20190623,1403.9,1414.8,1403.6,1406,77095
20190624,1405.9,1442.9,1404.4,1439.5,395222
20190625,1439.5,1439.8,1406.6,1412.1,574856
20190626,1412.1,1418.9,1405,1409.5,369052
20190627,1409.4,1427.8,1401.4,1422.3,329515
20190628,1422.3,1424.8,1408.6,1412.5,220829
20190630,1401.8,1401.9,1387,1395.3,76488
20190701,1395.4,1399.4,1384.7,1393.4,328292
20190702,1393.4,1441,1391.6,1429.8,425317
20190703,1429.8,1431.6,1414.7,1421.6,299489
20190704,1421.6,1426.8,1412.7,1420,126360
20190705,1420,1420.8,1388.6,1401.2,375806
20190707,1401,1404,1395,1401.8,41672
20190708,1401.8,1409.9,1392.7,1398.1,254883
20190709,1398.1,1402.4,1387.5,1395.3,246719
20190710,1395.2,1429.4,1391.8,1426.4,420392
20190711,1426.5,1427.1,1402.7,1409.4,307044
20190712,1409.3,1418.9,1404.5,1417.8,213837
20190714,1417.7,1421.6,1411.2,1413.2,44503
20190715,1413.3,1420,1409.3,1415.7,208112
20190716,1415.8,1418,1402.2,1406.5,301273
20190717,1406.6,1431.9,1401.3,1424.5,357939
20190718,1424.4,1454.4,1415.6,1443.5,463632
20190719,1443.5,1445.3,1421.1,1426.5,393361
20190721,1428.5,1429.6,1423,1428.4,42787
20190722,1428.4,1430.8,1416.4,1417.1,242254
20190723,1417.2,1431.4,1414.6,1420.5,306069
20190724,1420.5,1430,1418.7,1422.4,262557
20190725,1422.4,1434.1,1411.1,1415.7,385375
20190726,1415.7,1424.8,1412.9,1418.5,211915
20190728,1419,1424.1,1418.1,1419.9,18434
20190729,1419.8,1428,1414.4,1424.9,127673
20190730,1425,1444.4,1422.7,1441.5,44951
20190731,1441.4,1447,1416,1421.3,357222
20190801,1421.3,1461.9,1412.1,1444.6,523989
20190802,1444.5,1460.2,1443,1452.5,356861
20190804,1451.2,1468.3,1448.8,1465.3,113366
20190805,1465.3,1486.8,1462.9,1475,499045
20190806,1475,1502.3,1470.3,1496.9,363640
20190807,1496.9,1522.7,1493.4,1512.9,554151
20190808,1512.8,1521.3,1501.6,1518,350529
20190809,1517.9,1519.8,1506.2,1508,259323
20190811,1509.2,1512.9,1505.2,1508,30922
20190812,1508.1,1531.5,1498.6,1527.2,355508
20190813,1527.1,1546.1,1490,1508.6,485471
20190814,1508.5,1534.9,1507.2,1531.4,452131
20190815,1531.3,1538.6,1518.3,1532.3,396268
20190816,1532.4,1532.8,1513.9,1523.6,254573
20190818,1523,1523.6,1515.2,1519.4,49546
20190819,1519.3,1520,1503,1505.2,262409
20190820,1505.2,1518.8,1505.2,1513.2,230447
20190821,1513.3,1517.6,1506.5,1509.4,234142
20190822,1509.5,1514.4,1502.1,1504.6,256680
20190823,1504.6,1540.3,1503,1536.9,368896
20190825,1545.4,1565,1545.4,1553.1,113616
20190826,1553.1,1554.3,1534.8,1537.3,317597
20190827,1537.3,1554.5,1537.2,1544.9,357212
20190828,1544.9,1556.6,1543.3,1552.4,296202
20190829,1552.4,1559.8,1528.6,1534.8,434448
20190830,1534.8,1541.9,1525.6,1529.2,263015
20190901,1535.2,1544.5,1531.6,1534.5,44787
20190902,1534.5,1540.5,1528,1533.2,125198
20190903,1533.2,1559.2,1532.8,1551.3,408008
20190904,1551.3,1566.2,1542.6,1553.2,406789
20190905,1553.2,1558.9,1514.3,1526.5,541135
20190906,1526.6,1536.2,1510.7,1515,462664
20190908,1516.4,1520.7,1511.5,1517.6,49772
20190909,1517.6,1523.8,1494.3,1497.8,332782
20190910,1497.8,1509.1,1492.1,1498.8,341575
20190911,1498.9,1506.3,1494.6,1503.6,300523
20190912,1503.6,1532.2,1502.7,1505.4,419551
20190913,1505.4,1516.6,1493.1,1495.7,325240
20190915,1513.1,1519.7,1506.3,1511.9,95075
20190916,1511.8,1514.7,1503.4,1505.5,282517
20190917,1505.5,1515,1500.9,1510.1,297686
20190918,1510.1,1519.5,1490.7,1502.7,368065
20190919,1502.8,1513.2,1500.9,1511.9,257671
20190920,1512,1524.5,1505.9,1524.4,236114
20190922,1521.5,1527,1517.9,1522.7,54148
20190923,1522.7,1534.4,1518.9,1527.6,312146
20190924,1527.6,1543.3,1522.8,1536.4,393958
20190925,1536.4,1540.3,1507.4,1516.6,415679
20190926,1516.6,1519.5,1507.1,1513.8,332605
20190927,1513.7,1514,1493.3,1503.3,363284
20190929,1501.7,1507.2,1497.5,1500.1,37693
20190930,1500.1,1500.9,1468.6,1472.2,407880
20191001,1472.3,1493.5,1465,1482.3,384860
20191002,1482.3,1511.3,1480.5,1504.5,373742
20191003,1504.5,1525.7,1501.7,1513.7,322710
20191004,1513.7,1522.2,1501.4,1510.3,297174
20191006,1518.6,1518.8,1511,1511.3,23168
20191007,1511.3,1513.4,1492.1,1496.5,249841
20191008,1496.5,1515.3,1493.9,1511.4,325886
20191009,1511.5,1522.3,1505.1,1513.5,319719
20191010,1513.5,1516.6,1495.3,1499.8,335126
20191011,1499.8,1508,1478,1493.5,386903
20191013,1492,1493.4,1487.1,1491.1,34991
20191014,1491,1501.5,1489.9,1497.8,208204
20191015,1497.8,1503,1480.8,1487.9,283407
20191016,1487.9,1496.8,1480.6,1491.3,326195
20191017,1491.2,1501.1,1487,1495.1,280347
20191018,1495.1,1497,1488.3,1493.4,194910
20191020,1495.6,1496,1492.6,1493,19213
20191021,1493,1498.7,1484,1487.5,265119
20191022,1487.6,1493.7,1485.7,1492.8,189719
20191023,1492.7,1499.4,1491.1,1495.5,222701
20191024,1495.4,1506.9,1490.4,1505.6,282708
20191025,1505.7,1520.9,1503.1,1507.1,327750
20191027,1507.4,1508.8,1504.7,1506.3,21988
20191028,1506.2,1510.8,1492.3,1494,305484
20191029,1494.1,1497.1,1485.6,1491.4,247035
20191030,1491.3,1501.8,1483.1,1499.3,320620
20191031,1499.2,1516.7,1499,1513,347561
20191101,1513,1519,1505.4,1516.7,308624
20191103,1516.4,1516.5,1512.7,1513.8,22908
20191104,1513.7,1517.1,1506.5,1508.7,233872
20191105,1508.7,1509.8,1480.7,1485.6,431767
20191106,1485.6,1495.9,1484.3,1492.2,250870
20191107,1492.2,1493.6,1461.4,1469.6,513918
20191108,1469.6,1473.9,1457,1459.8,313183
20191110,1460,1464.6,1459.5,1463.3,30918
20191111,1463.2,1467.4,1448.9,1453.2,257142
20191112,1453.3,1462.5,1446.2,1462,338847
20191113,1462,1467.9,1458.5,1466.4,292374
20191114,1466.4,1475.3,1463.8,1464.5,284511
20191115,1464.5,1469.8,1462.8,1468.7,178162
20191117,1467.8,1470.2,1467.8,1469.6,2698
20191118,1469.6,1474.4,1456.6,1472.1,298142
20191119,1472.1,1475.8,1465.1,1474.9,266114
20191120,1474.9,1479.2,1466.1,1474.7,293141
20191121,1474.6,1475.9,1462.4,1465.2,307663
20191122,1465.2,1473.4,1461.2,1461.5,242865
20191124,1461,1461.2,1459.4,1460.3,3748
20191125,1460.4,1462,1453.4,1453.7,209351
20191126,1453.6,1462.9,1449.6,1460.4,166388
20191127,1460.4,1461.1,1452,1456,46133
20191128,1455.9,1462.7,1453.8,1462.3,4942
20191129,1462.3,1472.9,1459.1,1470.4,167497
20191201,1470.3,1470.6,1467.8,1468,3003
20191202,1467.9,1471.6,1459.8,1468.5,267497
20191203,1468.5,1487.7,1465.4,1482.4,334395
20191204,1482.4,1489.9,1476.7,1481.1,287962
20191205,1481,1485.7,1478,1481,222206
20191206,1481,1485.2,1463.3,1464.5,283492
20191208,1464.1,1464.6,1463,1464.5,3596
20191209,1464.5,1469.8,1463.5,1465.5,154844
20191210,1465.4,1473.7,1464.2,1468.3,209019
20191211,1468.3,1483.5,1466.9,1478.9,224493
20191212,1479,1491.6,1465.5,1469.3,333557
20191213,1469.5,1482.5,1469.1,1480.3,278807
20191215,1480,1480.8,1478.1,1478.4,2717
20191216,1478.5,1484.5,1477.4,1479.6,157825
20191217,1479.7,1484.9,1478.4,1480,155558
20191218,1479.9,1483.6,1474.3,1479.9,185826
20191219,1479.8,1485.8,1477.1,1482.4,182848
20191220,1482.3,1484.8,1479.5,1482.4,134823
20191222,1482.4,1482.5,1481.2,1482.1,2021
20191223,1482.1,1490.1,1482,1489.2,153388
20191224,1489.3,1505,1488.1,1504.4,166823
20191225,1503.9,1504.8,1502.1,1504,3348
20191226,1504.1,1517.4,1502.3,1515.7,206033
20191227,1515.8,1519.9,1512.1,1515.6,183744
20191229,1515.9,1517.5,1515.3,1517,4232
20191230,1517,1519.1,1513.5,1517.8,159729
20191231,1517.8,1529,1517.7,1520,194278
20200101,1521,1524,1520.5,1521,5291
20200102,1520.9,1534,1519.7,1531.3,236447
20200103,1531.3,1556.6,1531.3,1555.2,383128
20200105,1562.7,1590.9,1562.3,1571.6,42728
20200106,1571.5,1582.5,1562.7,1565.7,452446
20200107,1565.8,1600,1557,1596.7,401519
20200108,1596.6,1613.3,1553.4,1559,670982
20200109,1559,1562.4,1541,1553.6,325402
20200110,1553.6,1564.1,1546.7,1563.2,288425
20200112,1563,1563.1,1558.9,1560.1,4959
20200113,1560.3,1561,1545.4,1545.8,216256
20200114,1545.7,1550.6,1536.4,1550,284252
20200115,1550.1,1558.8,1546.7,1556.4,258432
20200116,1556.4,1558.2,1548,1552.3,226927
20200117,1552.4,1561.4,1549.3,1557.3,223962
20200119,1557.3,1559.1,1555.9,1557.1,3400
20200120,1557.1,1562.7,1556.6,1561.3,68128
20200121,1561.2,1568.8,1546,1556.3,328460
20200122,1556.3,1563.3,1550,1561,215791
20200123,1561,1567.5,1551.3,1560.3,283759
20200124,1560.3,1575.3,1555.8,1571.3,310604
20200126,1580.5,1588.4,1578.7,1582.1,25447
20200127,1582,1585.8,1575.3,1580.3,276080
20200128,1580.3,1582.2,1564.6,1567.5,244763
20200129,1567.4,1577.7,1562,1576.7,132725
20200130,1576.6,1585,1571.5,1579.7,29743
20200131,1579.7,1595.5,1575,1593.6,275509
20200202,1597.8,1598.5,1592,1593.9,12266
20200203,1593.9,1594.5,1573.3,1583.1,266834
20200204,1583,1584.5,1552.8,1557.8,313445
20200205,1557.8,1566.2,1551.1,1559.7,269458
20200206,1559.7,1571.9,1556,1569.3,209134
20200207,1569.3,1577.7,1563.6,1573.8,249531
20200209,1575.8,1580.2,1572.6,1578.3,10584
20200210,1578.3,1580.5,1571.5,1575.4,172597
20200211,1575.5,1577.5,1565.2,1570.3,210681
20200212,1570.3,1574.4,1564.4,1572.8,171920
20200213,1572.8,1581.7,1572,1580.4,245995
20200214,1580.3,1588.2,1576,1586.9,201232
20200216,1585.1,1586.2,1583.3,1586,4547
20200217,1586.1,1589,1581.8,1587,68359
20200218,1587.1,1608.2,1587,1603.7,303905
20200219,1603.8,1615.9,1602.4,1613,293319
20200220,1613.1,1626.5,1606.6,1624.8,362618
20200221,1624.9,1652.1,1621.6,1645.9,421682
20200223,1656,1684.1,1654.6,1668.2,38986
20200224,1668.2,1691.7,1652.8,1656.1,556253
20200225,1656,1661,1627,1641.9,531146
20200226,1641.8,1657.1,1626.7,1645.5,419059
20200227,1645.3,1662.3,1636.7,1647.3,385213
20200228,1647.2,1649.8,1564,1587.3,453632
20200301,1592.8,1594.3,1576.3,1586.1,15270
20200302,1585.9,1612.1,1582.5,1592.9,340417
20200303,1592.7,1654.3,1590.9,1646.8,252731
20200304,1646.8,1650.6,1632.6,1637.4,244352
20200305,1637.2,1675.7,1636.2,1675.3,275354
20200306,1675.2,1692.8,1645.4,1674.2,409983
20200308,1692.6,1704.3,1680.4,1701.2,37354
20200309,1701.2,1704,1658,1666.8,319380
20200310,1666.6,1671.7,1641.7,1652.4,203080
20200311,1652.4,1671.8,1632.7,1643.4,184978
20200312,1643.3,1651,1560.6,1576.7,276907
20200313,1576.4,1597.9,1504.1,1528.9,254854
20200315,1563.8,1574.8,1539.8,1557.5,36931
20200316,1557.5,1560.8,1450.9,1507.2,364779
20200317,1507,1554.3,1465.6,1538.3,258610
20200318,1538.3,1540.6,1473.8,1499.6,263613
20200319,1499.8,1500.4,1457.5,1474.1,174688
20200320,1474.1,1519.4,1473.5,1501.1,162978
20200322,1505,1510.7,1484.6,1493.9,19543
20200323,1493.8,1576,1488.2,1575.5,172481
20200324,1575.7,1699.3,1569.4,1692.3,267691
20200325,1692.2,1694.5,1615.2,1638.4,157816
20200326,1638.6,1672.5,1611,1636.6,132311
20200327,1636.5,1647.2,1611.5,1630.6,47506
20200329,1641.2,1652.8,1634.4,1642.6,639
20200330,1642.6,1645.6,1607.2,1638.2,7593
20200331,1638.3,1642,1576,1592.2,140083
20200401,1592,1612.4,1581.2,1604.9,126336
20200402,1605,1645.6,1595.2,1637,127043
20200403,1636.7,1652.1,1624.4,1648.8,114515
20200405,1647.7,1651.6,1639.3,1651,6465
20200406,1651.1,1742.6,1638.2,1728,163654
20200407,1727.6,1734.5,1672,1679.2,153614
20200408,1679,1695.8,1670.7,1680.5,110585
20200409,1680.4,1754.5,1680,1740.6,165484
20200412,1742.3,1747.7,1731.8,1738.7,7817
20200413,1738.6,1772.8,1724.2,1768.2,147213
20200414,1768,1788.8,1747.1,1751.3,195347
20200415,1751.3,1759.8,1731.6,1742.4,161657
20200416,1742.5,1768,1716.4,1730.8,183636
20200417,1731,1736.5,1691.2,1694.5,184135
20200419,1693,1697.1,1686.2,1689.5,6820
20200420,1689.7,1718.4,1685,1706.3,165724
20200421,1706.5,1718,1666.2,1706,204905
20200422,1705.9,1742.4,1695.4,1735.1,173349
20200423,1735.1,1764.2,1730.6,1748.6,168285
20200424,1748.4,1760.2,1725.4,1745.7,158106
20200426,1745,1745.8,1737.1,1743.4,4599
20200427,1743.3,1745.8,1717,1720.5,134665
20200428,1720.5,1731.9,1704.1,1720.1,157994
20200429,1720.1,1733.5,1708.2,1729.8,154434
20200430,1729.6,1737,1687.5,1695.6,200183
20200501,1695.7,1714.4,1676,1710.2,154314
20200503,1711.2,1711.7,1700.3,1707.1,6868
20200504,1707.1,1726,1702.3,1711.8,132696
20200505,1711.7,1717.8,1695.4,1712.5,166637
20200506,1712.4,1716.6,1683,1692.2,179889
20200507,1692.2,1733.2,1686.8,1724.7,200777
20200508,1724.8,1735.5,1703.1,1704.8,185300
20200510,1706,1711.3,1704.5,1708.7,5557
20200511,1708.6,1713.8,1692.1,1699.4,148010
20200512,1699.5,1716.7,1693.5,1705.7,139741
20200513,1705.6,1727.9,1701.6,1726.5,176294
20200514,1726.6,1746.5,1716,1742.1,192669
20200515,1742.1,1761.2,1736.8,1754.1,178583
20200517,1757.5,1768.3,1755.2,1766.5,12536
20200518,1766.4,1775.8,1729.4,1736.9,241972
20200519,1737,1751.6,1727.2,1749.6,166639
20200520,1749.5,1757.6,1744,1749.8,153438
20200521,1749.7,1749.7,1715.3,1725.5,187269
20200522,1725.6,1742,1722.5,1734.7,141535
20200524,1734.8,1736.9,1729.6,1730.6,2341
20200525,1730.6,1731.5,1718,1727.1,52893
20200526,1727,1737.2,1700,1705.5,167758
20200527,1705.4,1713.2,1684.2,1707.9,94194
20200528,1708.2,1736.4,1705,1736.2,9850
20200529,1736.2,1754.5,1725.3,1743,137062
20200531,1751.7,1758.6,1748.9,1755.2,6304
20200601,1755.2,1761,1737.6,1755.2,138863
20200602,1755.2,1757,1728,1733.2,168306
20200603,1733.1,1733.8,1690.3,1703.1,243416
20200604,1703.1,1729,1698.9,1718.7,189924
20200605,1718.6,1723.2,1671.7,1688.6,261311
20200607,1686.7,1688.2,1680.7,1684.6,5253
20200608,1684.7,1707.6,1684.6,1703.8,146647
20200609,1703.8,1729.4,1697.6,1719.4,174143
20200610,1719.4,1749.8,1714.1,1744.4,192633
20200611,1744.5,1754.9,1727.5,1733.2,191423
20200612,1733.5,1753,1728.2,1737.3,140275
20200614,1740.7,1743.8,1735.8,1740.9,4432
20200615,1740.8,1742.2,1706.2,1730.5,191539
20200616,1730.5,1739.5,1721.8,1734.7,124318
20200617,1734.5,1739.3,1717.3,1737,131227
20200618,1736.9,1749.2,1722.7,1730.6,149006
20200619,1730.6,1760.9,1729.9,1756.2,167012
20200621,1765.8,1766.2,1759.4,1762.5,9063
20200622,1762.4,1779,1753.5,1767.2,210176
20200623,1767.2,1787,1758.3,1784.9,187995
20200624,1784.8,1796.1,1764.1,1771.6,225654
20200625,1771.6,1779.6,1764.5,1775.8,141362
20200626,1775.7,1786.2,1754,1784.8,189230
20200628,1789.2,1790.4,1784.1,1784.8,6683
20200629,1784.9,1789.4,1776.5,1784.8,119776
20200630,1784.8,1804,1774.8,1799.4,184308
20200701,1799.3,1807.7,1767.9,1778.3,250189
20200702,1778.1,1791.7,1766.3,1787,171962
20200703,1786.8,1788.9,1783.4,1787.3,38701
20200705,1787,1788.8,1785.3,1786.4,2250
20200706,1786.5,1799,1779.2,1794.9,133063
20200707,1794.9,1810.8,1781.2,1807.1,205296
20200708,1807.2,1829.8,1803.8,1818.4,193769
20200709,1818.3,1825.5,1799.6,1808.9,233055
20200710,1808.9,1817,1796.5,1801.8,181794
20200712,1803.4,1806,1802.1,1803.9,4425
20200713,1803.9,1818.7,1802.8,1804.9,166602
20200714,1804.9,1815,1791.1,1812.7,210558
20200715,1813.1,1819.5,1804,1815.9,167799
20200716,1815.9,1816.2,1794.1,1798.1,178604
20200717,1798.1,1813.9,1795.2,1812.1,149538
20200719,1812.3,1812.5,1809.8,1810.3,3442
20200720,1810.3,1823.4,1806.6,1819.3,159696
20200721,1819.3,1848.8,1817.2,1844.8,253937
20200722,1844.8,1874.5,1844.4,1869,346640
20200723,1869.1,1897.7,1863.1,1883.3,355248
20200724,1883.4,1904.6,1880.5,1900.3,242337
20200726,1901.2,1911.9,1899,1910.8,21978
20200727,1910.8,1961.8,1909.4,1959.3,346142
20200728,1959.1,1974.7,1900.2,1949.7,357915
20200729,1949.7,1974.9,1935.2,1959.3,155651
20200730,1959.1,1976.6,1930,1973.3,20892
20200731,1973.3,2005.4,1972.3,1994,266425
20200802,1997.4,2009.5,1993.6,1998.8,15112
20200803,1998.8,1999.2,1975.2,1991.8,160098
20200804,1991.6,2048.6,1982.6,2048.3,274290
20200805,2048.2,2070.3,2027.5,2051.2,345429
20200806,2051.2,2089.2,2049,2082,307171
20200807,2082.1,2084.1,2024.8,2046.1,366242
20200809,2044.8,2047.5,2028.7,2037.2,11690
20200810,2037.2,2060.8,2027.8,2038.2,236504
20200811,2038.1,2038.2,1911.3,1919.1,554494
20200812,1919,1961,1874.2,1932.1,436434
20200813,1932.1,1974.8,1928.5,1965.5,342749
20200814,1965.6,1969.8,1939.1,1953.7,226016
20200816,1956.4,1959.9,1942.4,1943,10064
20200817,1942.7,2000.8,1939.1,1992.4,274125
20200818,1992.7,2024.6,1985.2,2014.4,351953
20200819,2014.3,2015,1930.5,1935.2,440751
20200820,1935.1,1963.1,1928.9,1960.7,363901
20200821,1960.5,1963.1,1916.6,1947.4,344886
20200823,1947.9,1949,1938.1,1942.5,7690
20200824,1942.5,1970.3,1930.8,1936.1,276417
20200825,1936.2,1944.1,1919.1,1936.1,267629
20200826,1935.9,1963.4,1908.4,1961.7,330812
20200827,1961.7,1987,1914.7,1933.8,453049
20200828,1933.6,1983,1928.2,1972.6,321684
20200830,1973.9,1985.8,1973.4,1982,10921
20200831,1982.1,1985.5,1962.3,1974.3,231777
20200901,1974.2,2001.2,1969.2,1979.5,279263
20200902,1979.4,1980.4,1938.9,1950.7,320290
20200903,1950.8,1956.6,1927.2,1934.5,295691
20200904,1934.6,1956.6,1921.6,1940.9,290384
20200906,1938,1944.5,1937.6,1940.6,4643
20200907,1940.7,1947.5,1929.4,1937.1,93621
20200908,1937.1,1948.3,1911.7,1937,308722
20200909,1936.9,1959.7,1926.3,1955.4,221232
20200910,1955.4,1975.2,1948.6,1952.5,254807
20200911,1952.4,1963.4,1944,1948.1,195984
20200913,1948.9,1951.8,1945.2,1950.1,3568
20200914,1950.1,1972.5,1947.2,1966.2,187670
20200915,1966.1,1982.4,1955.6,1961.5,225070
20200916,1961.5,1983.8,1957.2,1968.1,283854
20200917,1968.1,1968.3,1938.2,1954.5,257033
20200918,1954.5,1968.2,1951.6,1957.1,168403
20200920,1957.3,1958.3,1952.5,1955.2,5228
20200921,1955.1,1962.9,1885.4,1922.4,371495
20200922,1922.3,1925.5,1898.9,1908.8,275005
20200923,1908.7,1909.9,1855.1,1857.2,395593
20200924,1857.2,1880.9,1851,1872,312841
20200925,1871.9,1879.3,1854.1,1864.3,215282
20200927,1862.7,1869.1,1862.3,1865.4,3812
20200928,1865.3,1889.5,1851.1,1887.6,225429
20200929,1887.4,1904.8,1880.8,1902.1,207585
20200930,1902,1908.2,1885.8,1893.2,255101
20201001,1893.2,1917.9,1890,1909.6,255820
20201002,1909.5,1923.6,1895.2,1904.1,205742
20201004,1910.9,1910.9,1902.6,1908,5959
20201005,1908.1,1924.9,1891.2,1918.3,170035
20201006,1918.2,1927,1878.2,1884.6,214598
20201007,1884.6,1902.4,1877.1,1890.4,173116
20201008,1890.4,1905.3,1885.3,1899.6,174782
20201009,1899.3,1936.8,1899.3,1936.3,217199
20201011,1935,1939.4,1932.4,1935.1,7747
20201012,1934.8,1938,1923.8,1929.8,148096
20201013,1929.8,1930.6,1889.3,1896.5,255063
20201014,1896.5,1917.5,1885,1902.4,184626
20201015,1902.4,1913.7,1892.7,1910.6,199469
20201016,1910.6,1918.7,1901.1,1902.9,138471
20201018,1903.2,1906.6,1902.1,1904.4,3485
20201019,1904.4,1923.4,1900.2,1906,147766
20201020,1906.1,1917.6,1896.6,1913.9,157144
20201021,1913.8,1936,1913.1,1924.6,190587
20201022,1924.5,1925.2,1894.2,1907.3,200153
20201023,1907.3,1917.3,1895.2,1903.4,159882
20201025,1906,1906.3,1892.5,1900.5,8429
20201026,1900.5,1911.1,1895.5,1904.6,152524
20201027,1904.5,1913.8,1898.7,1907.7,148053
20201028,1907.8,1912.6,1869.1,1880.4,279833
20201029,1880.3,1885.1,1859.2,1868.7,211156
20201030,1868.6,1890.9,1863.3,1878.8,195603
20201101,1877,1879.5,1875.2,1877.3,2915
20201102,1877.2,1897.2,1873.3,1895.4,152654
20201103,1895.4,1917.5,1887.6,1915.7,156092
20201104,1915.7,1917.9,1881.8,1905.1,258179
20201105,1905,1954.3,1902.9,1947.3,266417
20201106,1947.5,1961.8,1937.2,1951.5,204265
20201108,1956,1961.1,1954.5,1959.8,5258
20201109,1959.8,1966.1,1848,1870.1,290703
20201110,1870.1,1888.9,1865.8,1875.5,189455
20201111,1875.6,1882.5,1853.9,1863.8,165721
20201112,1863.6,1883,1860.7,1874.2,162266
20201113,1874.1,1895.8,1872.1,1888.2,141038
20201115,1886.6,1890.2,1885.5,1888.8,2381
20201116,1888.9,1898,1861.5,1888.9,194994
20201117,1888.8,1892.7,1876.3,1881.4,138808
20201118,1881.2,1884.2,1860.3,1870.3,172432
20201119,1870.1,1871.5,1850,1861.5,185919
20201120,1861.7,1879.2,1859.1,1869.6,142380
20201122,1869.8,1871.3,1867.3,1870.9,1583
20201123,1870.9,1875,1828,1833.1,233082
20201124,1833.1,1833.8,1797.1,1806.7,282161
20201125,1806.7,1816.3,1798.6,1806.2,131393
20201126,1806.3,1817,1803.9,1807,37293
20201127,1806.7,1811.5,1770.7,1783.1,12816
20201129,1790.8,1793.3,1788.7,1789.6,2965
20201130,1789.5,1790.3,1767.2,1781.5,232154
20201201,1781.4,1821.1,1779.7,1814.9,193578
20201202,1814.9,1835.7,1810.5,1834.2,176648
20201203,1834.2,1847.4,1826.7,1843.3,174634
20201204,1843.3,1852.7,1832,1842,162289
20201206,1841.1,1843,1836.3,1838.5,3055
20201207,1838.5,1873,1824.8,1867.8,196498
20201208,1867.7,1879.8,1863.9,1874.5,145073
20201209,1874.5,1875,1828.2,1838,213873
20201210,1837.9,1854.2,1831.5,1840.5,156596
20201211,1840.5,1851.8,1826.8,1843.5,145634
20201213,1845,1845.6,1839,1841.9,2860
20201214,1841.9,1842.9,1820,1830.6,162783
20201215,1830.5,1859.3,1828.5,1856.1,165826
20201216,1856.1,1870,1848.2,1868.6,194440
20201217,1868.5,1902,1865.9,1889.2,209510
20201218,1889.2,1895.7,1881.9,1886.8,146518
20201220,1892.9,1892.9,1887.9,1888.4,2371
20201221,1888.3,1911.9,1859.1,1884.3,171704
20201222,1884.1,1889.4,1863.7,1868.8,161970
20201223,1868.8,1883.7,1860.9,1876.8,148870
20201224,1876.9,1887.4,1873.1,1882.6,83082
20201227,1887,1894.7,1885.6,1892.6,4440
20201228,1892.4,1904.1,1873,1880.5,187549
20201229,1880.5,1891.3,1875.6,1882.5,139291
20201230,1882.6,1900.2,1879.5,1899.5,126649
20201231,1899.6,1904.9,1889.1,1901.6,119732
20210103,1908.2,1918.9,1906.1,1917.4,15099
20210104,1917.1,1949.2,1914.6,1945.5,236340
20210105,1945.4,1959,1938.4,1954,181972
20210106,1954.2,1962.5,1902.6,1925.3,334164
20210107,1925.1,1929.6,1907.5,1917.1,178063
20210108,1917,1917.3,1827.8,1849.9,376864
20210110,1849.4,1856,1841.4,1844.3,7219
20210111,1844.4,1855.6,1817.1,1847.6,204927
20210112,1847.5,1864,1835.8,1859.2,187847
20210113,1859.1,1863,1841.6,1847.9,151844
20210114,1847.8,1857.3,1826.6,1846.7,158061
20210115,1846.7,1856.6,1822.1,1827.7,187936
20210117,1828.8,1830,1800.8,1810.2,11427
20210118,1810.2,1840.6,1809.6,1836.6,91653
20210119,1836.5,1845,1831.8,1840.3,140642
20210120,1840.2,1872.4,1831.1,1869.9,232215
20210121,1869.9,1874.6,1857.5,1869.5,152885
20210122,1869.7,1869.9,1836.3,1855.5,185777
20210124,1855.3,1858.5,1853.1,1856,2385
20210125,1856.3,1867.4,1846.2,1854.7,158277
